region,source_category,item_title,target,period,content,method,contact,location,image,full_text,source_url
종로구,,"[종로구] 2025년 10월 센터프로그램안내(한국어, 중국어, 베트남어)",종로구민 및 서울시민,접수기간 : 2025-09-30 ~ 2025-10-31,"안녕하세요 종로구 가족센터 입니다.
10월 센터프로그램을 안내드리오니 많은 관심과 참여 부탁드립니다.",,문의처 : 02-764-3524,,https://www.liveinkorea.kr/upload/editor/c65123f5-32a6-42ca-8b2a-c8c9abceca2d.jpg; https://www.liveinkorea.kr/upload/editor/eb0ccf72-9516-413c-b05b-852a6bf26c81.JPG; https://www.liveinkorea.kr/upload/editor/46ec6439-633a-4667-a072-c02d6d31175f.JPG; https://www.liveinkorea.kr/upload/editor/dbf87e48-8fe4-4f97-bcf5-64776cfc27db.JPG; https://www.liveinkorea.kr/upload/editor/02de2eaf-51e5-43d9-998f-99b40117190b.JPG; https://www.liveinkorea.kr/upload/editor/601e3c0d-987d-4ad2-9da9-47f19973ab74.JPG; https://www.liveinkorea.kr/upload/editor/e7841d77-3f8c-4b0d-b678-699090601fec.JPG; https://www.liveinkorea.kr/upload/editor/d814b203-24aa-476f-bf16-69044f333fdd.JPG; https://www.liveinkorea.kr/upload/editor/b73c2389-cfc4-4d5a-bff4-290689f92494.JPG; https://www.liveinkorea.kr/upload/editor/30a7b723-b34f-4098-a762-95204f0e0467.JPG; https://www.liveinkorea.kr/upload/editor/c800ca48-5325-4eca-8ae3-a97a52c14066.JPG; https://www.liveinkorea.kr/upload/editor/ae9e0063-09a2-47c5-9a9a-7cf34afbf02e.JPG; https://www.liveinkorea.kr/upload/editor/68f7e857-88fa-4a8a-acf4-51cafd5ce4ee.JPG; https://www.liveinkorea.kr/upload/editor/8fe93ac0-5c05-4c15-96e4-a09abfe1d03b.JPG; https://www.liveinkorea.kr/upload/editor/7b51edc4-b5f8-4605-8e60-52b9fac073dc.JPG; https://www.liveinkorea.kr/upload/editor/6db33352-06ac-4f19-99e8-22fe751a06f3.JPG; https://www.liveinkorea.kr/upload/editor/491cc112-c527-4fe6-9e4b-8cc0cc20a48e.JPG; https://www.liveinkorea.kr/upload/editor/5544754e-a1e2-492e-b7fa-97367084f899.JPG; https://www.liveinkorea.kr/upload/editor/e469a08d-0d99-4f37-9288-77c421141c64.JPG,"[종로구] [종로구] 2025년 10월 센터프로그램안내(한국어, 중국어, 베트남어)
접수기간 : 2025-09-30 ~ 2025-10-31
대상 : 종로구민 및 서울시민
문의처 : 02-764-3524
안녕하세요 종로구 가족센터 입니다.
10월 센터프로그램을 안내드리오니 많은 관심과 참여 부탁드립니다.
이미지:
https://www.liveinkorea.kr/upload/editor/c65123f5-32a6-42ca-8b2a-c8c9abceca2d.jpg
https://www.liveinkorea.kr/upload/editor/eb0ccf72-9516-413c-b05b-852a6bf26c81.JPG
https://www.liveinkorea.kr/upload/editor/46ec6439-633a-4667-a072-c02d6d31175f.JPG
https://www.liveinkorea.kr/upload/editor/dbf87e48-8fe4-4f97-bcf5-64776cfc27db.JPG
https://www.liveinkorea.kr/upload/editor/02de2eaf-51e5-43d9-998f-99b40117190b.JPG
https://www.liveinkorea.kr/upload/editor/601e3c0d-987d-4ad2-9da9-47f19973ab74.JPG
https://www.liveinkorea.kr/upload/editor/e7841d77-3f8c-4b0d-b678-699090601fec.JPG
https://www.liveinkorea.kr/upload/editor/d814b203-24aa-476f-bf16-69044f333fdd.JPG
https://www.liveinkorea.kr/upload/editor/b73c2389-cfc4-4d5a-bff4-290689f92494.JPG
https://www.liveinkorea.kr/upload/editor/30a7b723-b34f-4098-a762-95204f0e0467.JPG
https://www.liveinkorea.kr/upload/editor/c800ca48-5325-4eca-8ae3-a97a52c14066.JPG
https://www.liveinkorea.kr/upload/editor/ae9e0063-09a2-47c5-9a9a-7cf34afbf02e.JPG
https://www.liveinkorea.kr/upload/editor/68f7e857-88fa-4a8a-acf4-51cafd5ce4ee.JPG
https://www.liveinkorea.kr/upload/editor/8fe93ac0-5c05-4c15-96e4-a09abfe1d03b.JPG
https://www.liveinkorea.kr/upload/editor/7b51edc4-b5f8-4605-8e60-52b9fac073dc.JPG
https://www.liveinkorea.kr/upload/editor/6db33352-06ac-4f19-99e8-22fe751a06f3.JPG
https://www.liveinkorea.kr/upload/editor/491cc112-c527-4fe6-9e4b-8cc0cc20a48e.JPG
https://www.liveinkorea.kr/upload/editor/5544754e-a1e2-492e-b7fa-97367084f899.JPG
https://www.liveinkorea.kr/upload/editor/e469a08d-0d99-4f37-9288-77c421141c64.JPG",https://liveinkorea.kr/web/lay1/bbs/S1T10C27/A/4/view.do?article_seq=163578&cpage=1&rows=10&condition=&keyword=&area=A001&area_detail=D001&search_year=&search_month=&search_recruit_stat=02
종로구,,[종로구] 다문화 아동청소년 대상 맞춤형 상담,다문화 아동청소년 만7세~24세,접수기간 : 2025-05-01 ~ 2025-12-20,"※ 다문화 아동·청소년 대상 ※
《 1:1 진로·정서 상담 프로그램 안내 》
나를 알고, 꿈을 찾는 시간
종로구 다문화가정 아동·청소년(만 7세~24세)을 위한
개별 맞춤형 상담이 진행됩니다.
━━━━━━━━━━━━━━━━━━━
■ 프로그램 개요
 
 
정서상담 : 나의 감정을 이해하고 마음을 돌보는 시간
 
 
진로상담 : 나에게 맞는 진로를 탐색하고 방향을 설계
 
 
진로적성검사 : 검사 + 해석 상담을 통해 나를 객관적으로 알아보기

■ 지원 내용
 
 
1:1 개별 상담
 
 
1인당 최대 10회기까지 이용 가능
 
 
전 과정
무료 제공

■ 대상
 
 
만 7세 ~ 24세 이하의 다문화 아동·청소년

■ 신청 방법
 
 
종로구가족센터로 전화 신청
 
 
전화문의 0262713511(문자수신불가)
카톡문의 https://open.kakao.com/o/sI3b5MAc

 

━━━━━━━━━━━━━━━━━━━
※ 마음을 나누고, 진로를 함께 그려갑니다.
※ 상담을 원하는 누구나, 편하게 문을 두드려 주세요.",,문의처 : 02-6271-3511,,https://liveinkorea.kr/mng/upload/se2/8a807142-3af9-43c0-af47-4ba51bca1551.jpg,"[종로구] [종로구] 다문화 아동청소년 대상 맞춤형 상담
접수기간 : 2025-05-01 ~ 2025-12-20
대상 : 다문화 아동청소년 만7세~24세
문의처 : 02-6271-3511
※ 다문화 아동·청소년 대상 ※
《 1:1 진로·정서 상담 프로그램 안내 》
나를 알고, 꿈을 찾는 시간
종로구 다문화가정 아동·청소년(만 7세~24세)을 위한
개별 맞춤형 상담이 진행됩니다.
━━━━━━━━━━━━━━━━━━━
■ 프로그램 개요
 
 
정서상담 : 나의 감정을 이해하고 마음을 돌보는 시간
 
 
진로상담 : 나에게 맞는 진로를 탐색하고 방향을 설계
 
 
진로적성검사 : 검사 + 해석 상담을 통해 나를 객관적으로 알아보기

■ 지원 내용
 
 
1:1 개별 상담
 
 
1인당 최대 10회기까지 이용 가능
 
 
전 과정
무료 제공

■ 대상
 
 
만 7세 ~ 24세 이하의 다문화 아동·청소년

■ 신청 방법
 
 
종로구가족센터로 전화 신청
 
 
전화문의 0262713511(문자수신불가)
카톡문의 https://open.kakao.com/o/sI3b5MAc

 

━━━━━━━━━━━━━━━━━━━
※ 마음을 나누고, 진로를 함께 그려갑니다.
※ 상담을 원하는 누구나, 편하게 문을 두드려 주세요.
이미지:
https://liveinkorea.kr/mng/upload/se2/8a807142-3af9-43c0-af47-4ba51bca1551.jpg",https://liveinkorea.kr/web/lay1/bbs/S1T10C27/A/4/view.do?article_seq=42005&cpage=1&rows=10&condition=&keyword=&area=A001&area_detail=D001&search_year=&search_month=&search_recruit_stat=02
종로구,,[종로구] 2025년도 베트남 결혼이민자 자조모임 '모농라 데이트' 참여자 모집,베트남 출신 결혼이민자,접수기간 : 2025-04-15 ~ 2025-12-19,"종로구 가족센터에서는 2025년도 베트남 회원을 위한 다양한 활동과 모임 공간을 제공합니다.
이에 베트남 자조모임 참여 회원을 모집하오니 많은 관심과 신청 바랍니다.
감사합니다.^^",,문의처 : 02-6271-3504,,https://liveinkorea.kr/mng/upload/se2/4e04cc38-f3e6-4bb1-955e-d79d08de34de.jpg,"[종로구] [종로구] 2025년도 베트남 결혼이민자 자조모임 '모농라 데이트' 참여자 모집
접수기간 : 2025-04-15 ~ 2025-12-19
대상 : 베트남 출신 결혼이민자
문의처 : 02-6271-3504
종로구 가족센터에서는 2025년도 베트남 회원을 위한 다양한 활동과 모임 공간을 제공합니다.
이에 베트남 자조모임 참여 회원을 모집하오니 많은 관심과 신청 바랍니다.
감사합니다.^^
이미지:
https://liveinkorea.kr/mng/upload/se2/4e04cc38-f3e6-4bb1-955e-d79d08de34de.jpg",https://liveinkorea.kr/web/lay1/bbs/S1T10C27/A/4/view.do?article_seq=41713&cpage=1&rows=10&condition=&keyword=&area=A001&area_detail=D001&search_year=&search_month=&search_recruit_stat=02
종로구,,2025년 종로구 부부 및 가족상담 안내,"개인, 부부, 가족의 심리 정서 안정과 문제 해결이 필요하신 종로구민 및 서울시 생활권자",접수기간 : 2025-01-31 ~ 2025-12-31,"종로구 부부가족상담 전문기관 종로구 가족센터에서 부부와 가족의 어려움에 많은 전문가가 함께 합니다.
종로구 가족센터에서는 매년 지역 및 서울시 생활권자를 대상으로 무료 심리 상담을 진행하고 있습니다.
부부의 의사소통이나 성격 차이, 가족 안에서의 고부 및 장서 갈등 등
다양한 가족 내의 문제들을 함께 다루고 있습니다.
다만, 저희 가족센터는 정신병리와 같은 개인심리문제로 상담을 신청하시는 경우 지역의 정신건강복지센터나,
신경 정신과 방문을 추천 드릴 수 있습니다.
본 센터 상담원들은 한국상담학회 및 한국상담심리학회와
한국가족치료학회, 한국가족관계학회 2급 이상의 자격을 보유하고 있으며,
서울시가족상담지원사업에 참여하는 상담사의 경우 학회에서 추가로 발급하는
가족상담사 확인증을 보유하고 있는 전문가입니다.
상담과 관련한 구체적인 신청 및 문의는 전화 통화가 필수적입니다.(개인정보 및 상담의 내용 확인)
상담 신청 후에는 일정기간 대기가 있으실 수 있으며, 이후 아래 포스터와 같이 10회기 상담이 진행됩니다.
담당 상담사와 상담을 진행하시면서 연장도 가능합니다.
부부가족상담은 02-764-3529 / 아동미술치료는 02-744-1090으로 문의 주세요.
전화가 어려우신경우 먼저 아래 카카오채널 링크를 통해 메세지 남겨주시면 관련하여 응대해 드리겠습니다.
종로구 가족센터 상담실
:
http://pf.kakao.com/_vBCDb",,문의처 : 02-764-3529,,https://www.familynet.or.kr/upload/editor/298b3bfc-acf1-4e92-b434-8e7e08d19771.jpg,"[종로구] 2025년 종로구 부부 및 가족상담 안내
접수기간 : 2025-01-31 ~ 2025-12-31
대상 : 개인, 부부, 가족의 심리 정서 안정과 문제 해결이 필요하신 종로구민 및 서울시 생활권자
문의처 : 02-764-3529
종로구 부부가족상담 전문기관 종로구 가족센터에서 부부와 가족의 어려움에 많은 전문가가 함께 합니다.
종로구 가족센터에서는 매년 지역 및 서울시 생활권자를 대상으로 무료 심리 상담을 진행하고 있습니다.
부부의 의사소통이나 성격 차이, 가족 안에서의 고부 및 장서 갈등 등
다양한 가족 내의 문제들을 함께 다루고 있습니다.
다만, 저희 가족센터는 정신병리와 같은 개인심리문제로 상담을 신청하시는 경우 지역의 정신건강복지센터나,
신경 정신과 방문을 추천 드릴 수 있습니다.
본 센터 상담원들은 한국상담학회 및 한국상담심리학회와
한국가족치료학회, 한국가족관계학회 2급 이상의 자격을 보유하고 있으며,
서울시가족상담지원사업에 참여하는 상담사의 경우 학회에서 추가로 발급하는
가족상담사 확인증을 보유하고 있는 전문가입니다.
상담과 관련한 구체적인 신청 및 문의는 전화 통화가 필수적입니다.(개인정보 및 상담의 내용 확인)
상담 신청 후에는 일정기간 대기가 있으실 수 있으며, 이후 아래 포스터와 같이 10회기 상담이 진행됩니다.
담당 상담사와 상담을 진행하시면서 연장도 가능합니다.
부부가족상담은 02-764-3529 / 아동미술치료는 02-744-1090으로 문의 주세요.
전화가 어려우신경우 먼저 아래 카카오채널 링크를 통해 메세지 남겨주시면 관련하여 응대해 드리겠습니다.
종로구 가족센터 상담실
:
http://pf.kakao.com/_vBCDb
이미지:
https://www.familynet.or.kr/upload/editor/298b3bfc-acf1-4e92-b434-8e7e08d19771.jpg",https://liveinkorea.kr/web/lay1/bbs/S1T10C27/A/4/view.do?article_seq=41117&cpage=1&rows=10&condition=&keyword=&area=A001&area_detail=D001&search_year=&search_month=&search_recruit_stat=02
종로구,,[종로구] 2025년도 결혼이민자통번역서비스사업 홍보,한국말이 서툰 베트남 출신 결혼이민자 개인 및 다문화가족 또는 통번역서비스 요청 유관기관 등,접수기간 : 2025-01-02 ~ 2025-12-31,"종로구 가족센터에서는 입국초기 결혼이민자의 초기 정착 단계에서 경험하는 의사소통 문제해결을 위한 통번역서비스를 지원합니다.
기간: 2025.01.02 ~ 2025.12.31, 09:00~18:00, 연간 수(주말, 공휴일 이용제외(점심시간 12시~13시)
내용: 통역, 번역, 한국생활 정보제공 등 서비스  제공
대상: 한국말이 서툰 베트남 출신 결혼이민자 개인 및 다문화가족 또는 통번역서비스 요청 유관기관 등
장소: 종로구 가족센터(종로53길 29) 및 외부 장소
이용: 전화, 팩스 및 방문신청 이후 무료 서비스 이용 가능
문의: 가족사업3팀 이명희 통번역지원사 02-6271-3504
유의사항: 법적책임 및 공증 요청시 지원 불가, 외부 통역 요청시 사전 예약 필수",,문의처 : 02-6271-3504,,https://liveinkorea.kr/mng/upload/se2/2487ac5c-7be2-44d3-8f2d-12c88217986d.jpg; https://liveinkorea.kr/mng/upload/se2/8d27a1ad-8d0a-4929-a56d-37c51becde27.jpg,"[종로구] [종로구] 2025년도 결혼이민자통번역서비스사업 홍보
접수기간 : 2025-01-02 ~ 2025-12-31
대상 : 한국말이 서툰 베트남 출신 결혼이민자 개인 및 다문화가족 또는 통번역서비스 요청 유관기관 등
문의처 : 02-6271-3504
종로구 가족센터에서는 입국초기 결혼이민자의 초기 정착 단계에서 경험하는 의사소통 문제해결을 위한 통번역서비스를 지원합니다.
기간: 2025.01.02 ~ 2025.12.31, 09:00~18:00, 연간 수(주말, 공휴일 이용제외(점심시간 12시~13시)
내용: 통역, 번역, 한국생활 정보제공 등 서비스  제공
대상: 한국말이 서툰 베트남 출신 결혼이민자 개인 및 다문화가족 또는 통번역서비스 요청 유관기관 등
장소: 종로구 가족센터(종로53길 29) 및 외부 장소
이용: 전화, 팩스 및 방문신청 이후 무료 서비스 이용 가능
문의: 가족사업3팀 이명희 통번역지원사 02-6271-3504
유의사항: 법적책임 및 공증 요청시 지원 불가, 외부 통역 요청시 사전 예약 필수
이미지:
https://liveinkorea.kr/mng/upload/se2/2487ac5c-7be2-44d3-8f2d-12c88217986d.jpg
https://liveinkorea.kr/mng/upload/se2/8d27a1ad-8d0a-4929-a56d-37c51becde27.jpg",https://liveinkorea.kr/web/lay1/bbs/S1T10C27/A/4/view.do?article_seq=41045&cpage=1&rows=10&condition=&keyword=&area=A001&area_detail=D001&search_year=&search_month=&search_recruit_stat=02
중구,,[서울중구가족센터] 2025년 온라인 통역서비스 안내,"다문화가정과 지역 내 외국인지원기관, 어린이집, 유치원, 학교 등",접수기간 : 2025-01-23 ~ 2025-12-30,"안녕하세요.
서울중구가족센터에서
​
온라인 통번역지원서비스를 제공하고 있습니다.
많은 이용 바랍니다.
✅ 서비스 기간 : 1월 ~ 12월
✅ 서비스 대상 : 다문화가정과 지역 내 외국인지원기관, 어린이집, 유치원, 학교 등
✅ 서비스 내용 :
- 한국생활에 필요한 통역
- 학부모 상담 통역
- 공공기관 이용 통역
- 외국인지원기관 이용 통역
✅ 지원 언어 : 몽골어, 베트남어, 중국어, 영어, 타갈로그어, 태국어, 러시아어, 캄보디아어, 일본어 총 9개 언어
✅ 서비스 유형 : 온라인 통역(시시간 ZOOM 활용)
✅ 신청 방법 : 내방, 전화, 이메일 등
✅ 문의 : 서울중구가족센터 02-2254-3674",,문의처 : 서울중구가족센터 02-2254-3674,,https://www.liveinkorea.kr/mng/upload/se2/f4d3485a-f7b8-4c9b-8458-37cea7ee2c40.png,"[중구] [서울중구가족센터] 2025년 온라인 통역서비스 안내
접수기간 : 2025-01-23 ~ 2025-12-30
대상 : 다문화가정과 지역 내 외국인지원기관, 어린이집, 유치원, 학교 등
문의처 : 서울중구가족센터 02-2254-3674
안녕하세요.
서울중구가족센터에서
​
온라인 통번역지원서비스를 제공하고 있습니다.
많은 이용 바랍니다.
✅ 서비스 기간 : 1월 ~ 12월
✅ 서비스 대상 : 다문화가정과 지역 내 외국인지원기관, 어린이집, 유치원, 학교 등
✅ 서비스 내용 :
- 한국생활에 필요한 통역
- 학부모 상담 통역
- 공공기관 이용 통역
- 외국인지원기관 이용 통역
✅ 지원 언어 : 몽골어, 베트남어, 중국어, 영어, 타갈로그어, 태국어, 러시아어, 캄보디아어, 일본어 총 9개 언어
✅ 서비스 유형 : 온라인 통역(시시간 ZOOM 활용)
✅ 신청 방법 : 내방, 전화, 이메일 등
✅ 문의 : 서울중구가족센터 02-2254-3674
이미지:
https://www.liveinkorea.kr/mng/upload/se2/f4d3485a-f7b8-4c9b-8458-37cea7ee2c40.png",https://liveinkorea.kr/web/lay1/bbs/S1T10C27/A/4/view.do?article_seq=41100&cpage=1&rows=10&condition=&keyword=&area=A001&area_detail=D002&search_year=&search_month=&search_recruit_stat=02
용산구,,"느린학습자 부모를 위한 자기돌봄 프로그램 ""이해의 자리, 함께 피어나""",느린학습자(경계선 지능인) 자녀를 둔 보호자,접수기간 : 2025-10-15 ~ 2025-10-27,"안녕하세요, 용산구가족센터입니다.
늘 고민이 뒤따르게 되는 자녀양육, 용산구가족센터에서 자녀 양육에 대한 고민을 덜어내기 위해 함께 합니다.
좋은 교육과 프로그램으로 양육자의 스트레스를 완화하고자 하니, 많은 신청 바랍니다.
""이해의 자리, 함께 피어나""
O 대상 : 느린학습자(경계선 지능인) 자녀를 둔 보호자 10명
- 우선 선정 기준 : 본 센터 느린학습자 부모 프로그램(부모교육, 원예치료집단상담) 기참여자
O 장소 : 프로그램 별 상이
11/4(월) : 그리드 향수공방 (용산구청 인근)
11/18(화) : 서울한방진흥센터 (동대문구 제기동)
* 참여자에게 집합장소 개별 안내 예정
O 신청 : 2025. 10. 15.(수) ~ 10. 27.(월)
https://forms.gle/uDiLaTFMD8xBkbKs8
(구글폼으로 신청서 작성 및 제출)
O 발표 : 2025. 10. 29(수) 15시 이후 개별 문자 안내 예정",,문의처 : 070-7492-2655 (가족사업5팀),,https://www.liveinkorea.kr/upload/editor/dd0378c8-ba79-4b82-8ad5-dbba2b5e0857.png,"[용산구] 느린학습자 부모를 위한 자기돌봄 프로그램 ""이해의 자리, 함께 피어나""
접수기간 : 2025-10-15 ~ 2025-10-27
대상 : 느린학습자(경계선 지능인) 자녀를 둔 보호자
문의처 : 070-7492-2655 (가족사업5팀)
안녕하세요, 용산구가족센터입니다.
늘 고민이 뒤따르게 되는 자녀양육, 용산구가족센터에서 자녀 양육에 대한 고민을 덜어내기 위해 함께 합니다.
좋은 교육과 프로그램으로 양육자의 스트레스를 완화하고자 하니, 많은 신청 바랍니다.
""이해의 자리, 함께 피어나""
O 대상 : 느린학습자(경계선 지능인) 자녀를 둔 보호자 10명
- 우선 선정 기준 : 본 센터 느린학습자 부모 프로그램(부모교육, 원예치료집단상담) 기참여자
O 장소 : 프로그램 별 상이
11/4(월) : 그리드 향수공방 (용산구청 인근)
11/18(화) : 서울한방진흥센터 (동대문구 제기동)
* 참여자에게 집합장소 개별 안내 예정
O 신청 : 2025. 10. 15.(수) ~ 10. 27.(월)
https://forms.gle/uDiLaTFMD8xBkbKs8
(구글폼으로 신청서 작성 및 제출)
O 발표 : 2025. 10. 29(수) 15시 이후 개별 문자 안내 예정
이미지:
https://www.liveinkorea.kr/upload/editor/dd0378c8-ba79-4b82-8ad5-dbba2b5e0857.png",https://liveinkorea.kr/web/lay1/bbs/S1T10C27/A/4/view.do?article_seq=163712&cpage=1&rows=10&condition=&keyword=&area=A001&area_detail=D003&search_year=&search_month=&search_recruit_stat=02
용산구,,"[용산구] 가족돌봄청년 프로그램 ""돌봄 정류장(11월)"" 참여자 모집",가족을 돌보는 청년(만19~39세) 누구나,접수기간 : 2025-10-10 ~ 2025-10-22,"○ 신청대상: 가족을 돌보는 청년(만19~39세) 누구나
○ 신청기간: 25. 10. 10.(금)~25. 10. 22.(수)
○ 진행내용: 여가생활의 기쁨
1) 소통의 기쁨: 나를 위한 미니모루꽃다발 만들기
2) 오늘의 기쁨: 그라운드 시소 한남 개관전  전시회 관람
○ 진행일시: 25. 11. 1.(토) 14:00~17:00
○ 신청방법: 구글폼 신청 ( https://forms.gle/ArNggZcJ9czRi3i47 )
○ 선정발표: 25. 10. 24.(금) 오후 3시 이후 선정 시 문자 개별 연락
○ 문의: [가족사업5팀] 070-7492-2654",,문의처 : 070-7492-2654,,https://www.liveinkorea.kr/upload/editor/042dde95-3431-44cd-b543-5bfe1a9c0898.jpg,"[용산구] [용산구] 가족돌봄청년 프로그램 ""돌봄 정류장(11월)"" 참여자 모집
접수기간 : 2025-10-10 ~ 2025-10-22
대상 : 가족을 돌보는 청년(만19~39세) 누구나
문의처 : 070-7492-2654
○ 신청대상: 가족을 돌보는 청년(만19~39세) 누구나
○ 신청기간: 25. 10. 10.(금)~25. 10. 22.(수)
○ 진행내용: 여가생활의 기쁨
1) 소통의 기쁨: 나를 위한 미니모루꽃다발 만들기
2) 오늘의 기쁨: 그라운드 시소 한남 개관전  전시회 관람
○ 진행일시: 25. 11. 1.(토) 14:00~17:00
○ 신청방법: 구글폼 신청 ( https://forms.gle/ArNggZcJ9czRi3i47 )
○ 선정발표: 25. 10. 24.(금) 오후 3시 이후 선정 시 문자 개별 연락
○ 문의: [가족사업5팀] 070-7492-2654
이미지:
https://www.liveinkorea.kr/upload/editor/042dde95-3431-44cd-b543-5bfe1a9c0898.jpg",https://liveinkorea.kr/web/lay1/bbs/S1T10C27/A/4/view.do?article_seq=163654&cpage=1&rows=10&condition=&keyword=&area=A001&area_detail=D003&search_year=&search_month=&search_recruit_stat=02
용산구,,2025년 다문화가족 자녀 언어발달지원사업 안내,언어평가 및 교육이 필요한 12세이하 다문화가족 자녀(외국인가족 지원가능),접수기간 : 2025-01-01 ~ 2025-12-31,"다문화가족 자녀 언어발달지원사업
▷대상: 언어평가 및 교육이 필요한 12세이하 다문화가족 자녀(외국인가족 지원가능)
▷장소: 용산구가족센터 언어발달교육실
▷세부내용: 언어평가 및 언어교육(주2회, 회기당 40분)
▷신청방법: 용산구가족센터 홈페이지(어린이 회원가입필수)
▷문의전화: 070-7492-2674 (언어발달지도사 이진주)",,문의처 : 가족사업 2팀 이진주 070-7492-2674,,https://liveinkorea.kr/mng/upload/se2/ae58dc8f-2494-4d4d-a305-ca22756aed24.png,"[용산구] 2025년 다문화가족 자녀 언어발달지원사업 안내
접수기간 : 2025-01-01 ~ 2025-12-31
대상 : 언어평가 및 교육이 필요한 12세이하 다문화가족 자녀(외국인가족 지원가능)
문의처 : 가족사업 2팀 이진주 070-7492-2674
다문화가족 자녀 언어발달지원사업
▷대상: 언어평가 및 교육이 필요한 12세이하 다문화가족 자녀(외국인가족 지원가능)
▷장소: 용산구가족센터 언어발달교육실
▷세부내용: 언어평가 및 언어교육(주2회, 회기당 40분)
▷신청방법: 용산구가족센터 홈페이지(어린이 회원가입필수)
▷문의전화: 070-7492-2674 (언어발달지도사 이진주)
이미지:
https://liveinkorea.kr/mng/upload/se2/ae58dc8f-2494-4d4d-a305-ca22756aed24.png",https://liveinkorea.kr/web/lay1/bbs/S1T10C27/A/4/view.do?article_seq=41670&cpage=1&rows=10&condition=&keyword=&area=A001&area_detail=D003&search_year=&search_month=&search_recruit_stat=02
용산구,,2025 다문화가족 취업 프로그램 전체 프로그램 안내,결혼이민자 및 중도입국자녀,접수기간 : 2025-01-01 ~ 2025-12-31,"다문화가족을 위한 취업 프로그램의 전체 일정을 안내드립니다.
관심 있는 분들의 많은 참여를 부탁드립니다.
1. 결혼이민자 직업훈련 프로그램
- 사업기간 : 4월~9월
- 일     시 : 매주 월,금 10:00~13:00
- 대     상 : 결혼이민자 및 중도입국자녀
- 상세내용 : 컴퓨터 교육 및 펫의상봉제교육 등(자세한 사항 홍보문 참고)
2. 다문화가족 취업지원 프로그램
- 사업기간 : 9월
- 일     시 : 매주 월 10:00~13:00
- 대     상 : 결혼이민자
- 상세내용 : 펫베이커리 이론 교육 및 실습, 판매플랫폼 교육(자세한 사항 홍보문 참고)
3. 결혼이민자 정착단계별 지원패키지
- 사업기간 : 11월
- 일     시 : 11월 21일, 28일 (예정)
- 대     상 : 결혼이민자
- 상세내용 : 취업박람회 및 취업 특상(자세한 사항 홍보문 참고)
4. 결혼이민자 취업 연계
- 사업기간 : 상시
- 사업내용 : 사업 별 상이
(이디야커피가 함께하는 ""나도 바리스타""교육, 워크넷 구직등록 등)
** 신청 및 자세한 안내는 카카오플러스친구를 통해 제공됩니다(아래 링크 참고)
(클릭)
카카오톡채널 - 용산구가족센터",,문의처 : 070-7492-2648,,https://liveinkorea.kr/mng/upload/se2/0d719774-d4c8-44a6-8390-991a371e4a8b.jpg,"[용산구] 2025 다문화가족 취업 프로그램 전체 프로그램 안내
접수기간 : 2025-01-01 ~ 2025-12-31
대상 : 결혼이민자 및 중도입국자녀
문의처 : 070-7492-2648
다문화가족을 위한 취업 프로그램의 전체 일정을 안내드립니다.
관심 있는 분들의 많은 참여를 부탁드립니다.
1. 결혼이민자 직업훈련 프로그램
- 사업기간 : 4월~9월
- 일     시 : 매주 월,금 10:00~13:00
- 대     상 : 결혼이민자 및 중도입국자녀
- 상세내용 : 컴퓨터 교육 및 펫의상봉제교육 등(자세한 사항 홍보문 참고)
2. 다문화가족 취업지원 프로그램
- 사업기간 : 9월
- 일     시 : 매주 월 10:00~13:00
- 대     상 : 결혼이민자
- 상세내용 : 펫베이커리 이론 교육 및 실습, 판매플랫폼 교육(자세한 사항 홍보문 참고)
3. 결혼이민자 정착단계별 지원패키지
- 사업기간 : 11월
- 일     시 : 11월 21일, 28일 (예정)
- 대     상 : 결혼이민자
- 상세내용 : 취업박람회 및 취업 특상(자세한 사항 홍보문 참고)
4. 결혼이민자 취업 연계
- 사업기간 : 상시
- 사업내용 : 사업 별 상이
(이디야커피가 함께하는 ""나도 바리스타""교육, 워크넷 구직등록 등)
** 신청 및 자세한 안내는 카카오플러스친구를 통해 제공됩니다(아래 링크 참고)
(클릭)
카카오톡채널 - 용산구가족센터
이미지:
https://liveinkorea.kr/mng/upload/se2/0d719774-d4c8-44a6-8390-991a371e4a8b.jpg",https://liveinkorea.kr/web/lay1/bbs/S1T10C27/A/4/view.do?article_seq=41630&cpage=1&rows=10&condition=&keyword=&area=A001&area_detail=D003&search_year=&search_month=&search_recruit_stat=02
용산구,,2025년 결혼이민자 통번역서비스 사업,"결혼이민자, 다문화가족, 외국인·난민가족 또는 유관기관",접수기간 : 2025-01-01 ~ 2025-12-31,"2025년 결혼이민자 통번역서비스 사업
♡ 대 상   다문화가족, 외국인·난민가족 또는 유관기관
♡ 내 용
- 결혼이민자 정착 지원, 국적·체류 관련 정보제공 및 사업안내
- 가족 간 의사소통 및 임신·출산·양육 등 생활 정보 안내
- 행정·사업 기관 이용 시 통번 및 교육과정 통번역 지원
- 병원·보건소·경찰서·학교 등 공공기관 이용 시 통번역 지원
- 기타 유관기관에서 의뢰하는 통번역 업무 지원
♡ 기 간    연중(무료)
♡ 신청방법
- 내방 및 전화 : 02-797-9184  &  070-7492-2645
- 이메일 (ysmfsc@hanmail.net) 또는 팩스 (02-792-9173)로 신청서를 발송함(출장 통역)
- 문의 : 통번역지원사  070-7492-2645
♡ 이용방법
- 대면: 내방(센터 방문), 출장, 가정방문
- 비대면: 전화, 이메일, 팩스, SNS(카카오톡 연결), 줌 or 페이톡으로 화상채팅
♡ 참고사항
- 출장 통번역의 경우 사전 예약 필수
- 법적 책임 및 공증(번역자 확인서 포함)을 요구하는 경우 지원 불가
많은 이용 부탁드립니다~",,문의처 : 가족사업2팀  070-7492-2645,,https://liveinkorea.kr/mng/upload/se2/bf00cf4c-f708-413e-8831-e94311e2db3f.jpg,"[용산구] 2025년 결혼이민자 통번역서비스 사업
접수기간 : 2025-01-01 ~ 2025-12-31
대상 : 결혼이민자, 다문화가족, 외국인·난민가족 또는 유관기관
문의처 : 가족사업2팀  070-7492-2645
2025년 결혼이민자 통번역서비스 사업
♡ 대 상   다문화가족, 외국인·난민가족 또는 유관기관
♡ 내 용
- 결혼이민자 정착 지원, 국적·체류 관련 정보제공 및 사업안내
- 가족 간 의사소통 및 임신·출산·양육 등 생활 정보 안내
- 행정·사업 기관 이용 시 통번 및 교육과정 통번역 지원
- 병원·보건소·경찰서·학교 등 공공기관 이용 시 통번역 지원
- 기타 유관기관에서 의뢰하는 통번역 업무 지원
♡ 기 간    연중(무료)
♡ 신청방법
- 내방 및 전화 : 02-797-9184  &  070-7492-2645
- 이메일 (ysmfsc@hanmail.net) 또는 팩스 (02-792-9173)로 신청서를 발송함(출장 통역)
- 문의 : 통번역지원사  070-7492-2645
♡ 이용방법
- 대면: 내방(센터 방문), 출장, 가정방문
- 비대면: 전화, 이메일, 팩스, SNS(카카오톡 연결), 줌 or 페이톡으로 화상채팅
♡ 참고사항
- 출장 통번역의 경우 사전 예약 필수
- 법적 책임 및 공증(번역자 확인서 포함)을 요구하는 경우 지원 불가
많은 이용 부탁드립니다~
이미지:
https://liveinkorea.kr/mng/upload/se2/bf00cf4c-f708-413e-8831-e94311e2db3f.jpg",https://liveinkorea.kr/web/lay1/bbs/S1T10C27/A/4/view.do?article_seq=41079&cpage=1&rows=10&condition=&keyword=&area=A001&area_detail=D003&search_year=&search_month=&search_recruit_stat=02
성동구,,다양한 가족 이해 캠페인 그림책으로 여는 가족 이해 프로젝트,성동구민 누구나 참여 가능,접수기간 : 2025-06-05 ~ 2025-12-19,"다양한 가족 이해 캠페인 
다양한 가족의 모습을 담은 그림책으로, 나이와 상관없이 모두가 함께하는 이해 캠페인을 진행합니다.
많은 참여 부탁드립니다.
▶ 사업 기간: 2025. 6. ~ 2025. 12.
▶ 참여 대상: 성동구민 누구나 참여 가능(1~2인 가족, 한 부모, 다문화, 조손, 반려동물 가족 등등)
▶ 참여 방법
- 구글폼 작성
- 센터 방문 후 그림책 대여(책 대여 후 2주 이내 반납 필수!)
- 독후감 작성 후 센터로 제출

▶ 독후감 작성 방법
- A4용지 분량, 형식 자유
- 원본 센터에 제출 필수
▶ 참여혜택
-
인생네컷 앨범 증정
!
(컬러 선택 가능: 그린, 핑크, 퍼플, 스카이 블루)
- 독후감 작성 후 센터 방문 전 사진 1장 제출 시
포토 프린터로 사진 1장 인화하여 제공
!
▶ 문의: 성동구가족센터 사업1팀 ☎ 070-7477-8518",,문의처 : 성동구가족센터 사업 1팀(070-7477-8518),,https://liveinkorea.kr/mng/upload/se2/89061ebf-e73c-4e67-9f0b-c5b06ae604b2.jpg; https://liveinkorea.kr/mng/upload/se2/9284c18c-63d3-4ed4-be9c-862e7da3f05f.jpg; https://familynet.or.kr/upload/editor/79bdc3e1-5c12-411f-93d9-2f01c6ac2c7c.jpg,"[성동구] 다양한 가족 이해 캠페인 그림책으로 여는 가족 이해 프로젝트
접수기간 : 2025-06-05 ~ 2025-12-19
대상 : 성동구민 누구나 참여 가능
문의처 : 성동구가족센터 사업 1팀(070-7477-8518)
다양한 가족 이해 캠페인 
다양한 가족의 모습을 담은 그림책으로, 나이와 상관없이 모두가 함께하는 이해 캠페인을 진행합니다.
많은 참여 부탁드립니다.
▶ 사업 기간: 2025. 6. ~ 2025. 12.
▶ 참여 대상: 성동구민 누구나 참여 가능(1~2인 가족, 한 부모, 다문화, 조손, 반려동물 가족 등등)
▶ 참여 방법
- 구글폼 작성
- 센터 방문 후 그림책 대여(책 대여 후 2주 이내 반납 필수!)
- 독후감 작성 후 센터로 제출

▶ 독후감 작성 방법
- A4용지 분량, 형식 자유
- 원본 센터에 제출 필수
▶ 참여혜택
-
인생네컷 앨범 증정
!
(컬러 선택 가능: 그린, 핑크, 퍼플, 스카이 블루)
- 독후감 작성 후 센터 방문 전 사진 1장 제출 시
포토 프린터로 사진 1장 인화하여 제공
!
▶ 문의: 성동구가족센터 사업1팀 ☎ 070-7477-8518
이미지:
https://liveinkorea.kr/mng/upload/se2/89061ebf-e73c-4e67-9f0b-c5b06ae604b2.jpg
https://liveinkorea.kr/mng/upload/se2/9284c18c-63d3-4ed4-be9c-862e7da3f05f.jpg
https://familynet.or.kr/upload/editor/79bdc3e1-5c12-411f-93d9-2f01c6ac2c7c.jpg",https://liveinkorea.kr/web/lay1/bbs/S1T10C27/A/4/view.do?article_seq=42039&cpage=1&rows=10&condition=&keyword=&area=A001&area_detail=D004&search_year=&search_month=&search_recruit_stat=02
성동구,,[찾아가는 다문화 이해 교육] 다이빙 - 다문화 이해 속으로 참여 기관 모집,성동구 관내 초등학교 저학년(1~3학년) 및 고학년(4~6학년),접수기간 : 2025-04-25 ~ 2025-10-31,"찾아가는 다문화 이해 교육  참여 기관 모집
결혼이주여성 다문화 이해 교육 강사님이 직접 학교로 찾아가 다문화 이해 교육 진행합니다.
많은 참여 부탁드립니다.
▶ 교육 기간: 2025. 5. ~ 2025. 10.(교육 일정 협의)
▶ 교육 대상: 성동구 관내 초등학교 저학년(1~3학년) 및 고학년(4~6학년)
▶ 교육 국가: 러시아, 몽골, 베트남, 일본, 중국, 필리핀(교육 진행 시 최대 3개 국가 선택 가능)
▶ 교육 내용
- 다문화 인식 개선 교육
- 다른 문화에 대한 이해 및 존중 배우기
- 다양한 체험 활동(만들기 및 의상 체험 등)
▶ 신청 방법
1. 신청서 및 개인정보동의서 작성
(위의 양식 성동구가족센터 홈페이지 참고(
https://zrr.kr/qFVq8Q
))
2. 이메일 접수 msdfc@hanmail.net
3. 교육 일정 협의
4. 참여 확정 안내
▶ 문의: 성동구가족센터 사업1팀 070-7477-8518",,문의처 : 사업1팀 070-7477-8518,,https://liveinkorea.kr/mng/upload/se2/270d1f4e-6241-4eae-b8ce-17e77a771d7e.jpg,"[성동구] [찾아가는 다문화 이해 교육] 다이빙 - 다문화 이해 속으로 참여 기관 모집
접수기간 : 2025-04-25 ~ 2025-10-31
대상 : 성동구 관내 초등학교 저학년(1~3학년) 및 고학년(4~6학년)
문의처 : 사업1팀 070-7477-8518
찾아가는 다문화 이해 교육  참여 기관 모집
결혼이주여성 다문화 이해 교육 강사님이 직접 학교로 찾아가 다문화 이해 교육 진행합니다.
많은 참여 부탁드립니다.
▶ 교육 기간: 2025. 5. ~ 2025. 10.(교육 일정 협의)
▶ 교육 대상: 성동구 관내 초등학교 저학년(1~3학년) 및 고학년(4~6학년)
▶ 교육 국가: 러시아, 몽골, 베트남, 일본, 중국, 필리핀(교육 진행 시 최대 3개 국가 선택 가능)
▶ 교육 내용
- 다문화 인식 개선 교육
- 다른 문화에 대한 이해 및 존중 배우기
- 다양한 체험 활동(만들기 및 의상 체험 등)
▶ 신청 방법
1. 신청서 및 개인정보동의서 작성
(위의 양식 성동구가족센터 홈페이지 참고(
https://zrr.kr/qFVq8Q
))
2. 이메일 접수 msdfc@hanmail.net
3. 교육 일정 협의
4. 참여 확정 안내
▶ 문의: 성동구가족센터 사업1팀 070-7477-8518
이미지:
https://liveinkorea.kr/mng/upload/se2/270d1f4e-6241-4eae-b8ce-17e77a771d7e.jpg",https://liveinkorea.kr/web/lay1/bbs/S1T10C27/A/4/view.do?article_seq=41795&cpage=1&rows=10&condition=&keyword=&area=A001&area_detail=D004&search_year=&search_month=&search_recruit_stat=02
성동구,,성동구 가족센터 서울시 가족상담지원 사업안내,성동구 가족센터 서울시 가족상담지원 사업안내,접수기간 : 2025-04-17 ~ 2025-12-31,"부부
&
가족상담
(
서울시 가족상담지원
)
◦
상담대상
:
부부
,
가족
(
다문화 포함
)
◦
운영시간
:
월
,
금
10:00~18:00
화
~
목
10:00~21:00
◦
상담장소
:
센터 내 상담실
화상상담
(ZOOM)
◦
상담회기
:
부부및가족상담
10
회기
(
상담사와 논의 후 연장가능
)
◦
상담비용
:
무료
연장시 회기당
20,000
원",,문의처 : 070-7477-8504,,https://liveinkorea.kr/mng/upload/se2/944b3a08-5d44-483a-a6d6-ac1bbc5f0624.jpg,"[성동구] 성동구 가족센터 서울시 가족상담지원 사업안내
접수기간 : 2025-04-17 ~ 2025-12-31
대상 : 성동구 가족센터 서울시 가족상담지원 사업안내
문의처 : 070-7477-8504
부부
&
가족상담
(
서울시 가족상담지원
)
◦
상담대상
:
부부
,
가족
(
다문화 포함
)
◦
운영시간
:
월
,
금
10:00~18:00
화
~
목
10:00~21:00
◦
상담장소
:
센터 내 상담실
화상상담
(ZOOM)
◦
상담회기
:
부부및가족상담
10
회기
(
상담사와 논의 후 연장가능
)
◦
상담비용
:
무료
연장시 회기당
20,000
원
이미지:
https://liveinkorea.kr/mng/upload/se2/944b3a08-5d44-483a-a6d6-ac1bbc5f0624.jpg",https://liveinkorea.kr/web/lay1/bbs/S1T10C27/A/4/view.do?article_seq=41739&cpage=1&rows=10&condition=&keyword=&area=A001&area_detail=D004&search_year=&search_month=&search_recruit_stat=02
성동구,,성동구 가족센터 가족상담 안내,상담을 희망하는 개인 또는 가족,접수기간 : 2025-04-17 ~ 2025-12-31,"가족
&
아동청소년 상담실
가족 및 개인상담
◦
상담대상
:
개인
,
부부
,
가족
(
다문화 포함
)
◦
운영시간
:
월
,
금
10:00~18:00
화
~
목
10:00~21:00
◦
상담장소
:
센터 내 상담실
화상상담
(ZOOM)
◦
상담회기
:
개인상담
8
회기
부부및가족상담
10
회기
(
상담사와 논의 후 연장가능
)
◦
상담비용
:
무료
연장시 회기당
20,000
원
아동청소년 상담
◦
상담대상
:
개인
,
짝
(2
인
),
부모자녀 놀이치료
(
다문화 포함
)
◦
운영시간
:
월
,
금
14:00~18:00
화
~
목
14:00~21:00
◦
상담장소
:
아동청소년 상담실
◦
상담회기
: 12
회기
(
상담사와 논의 후 연장가능
)
◦
상담비용
:
개인
/
짝 회기당
35,000
원
부모자녀 회기당
50,000
원
찾아가는 상담
◦
상담대상
: 1)
느린학습자 특성을 가진 아동과 양육자
2)
가족갈등
,
단절로 어려움이 있는 가족
◦
운영시간
:
월
,
금
10:00~18:00
화
~
목
10:00~21:00
◦
상담장소
:
직장 및 가정근처 상담소
◦
상담회기
: 1)
총
12
회기
.
아동
/
가족상담
8
회
+
짝치료
4
회
2)
총
10
회
◦
상담비용
:
무료
부부
&
가족상담
(
서울시 가족상담지원
)
◦
상담대상
:
부부
,
가족
(
다문화 포함
)
◦
운영시간
:
월
,
금
10:00~18:00
화
~
목
10:00~21:00
◦
상담장소
:
센터 내 상담실
화상상담
(ZOOM)
◦
상담회기
:
부부및가족상담
10
회기
(
상담사와 논의 후 연장가능
)
◦
상담비용
:
무료
연장시 회기당
20,000
원",,문의처 : 070-7477-8504,,https://liveinkorea.kr/mng/upload/se2/8df632ed-9014-432e-b2a1-5e8c5cecf838.jpg,"[성동구] 성동구 가족센터 가족상담 안내
접수기간 : 2025-04-17 ~ 2025-12-31
대상 : 상담을 희망하는 개인 또는 가족
문의처 : 070-7477-8504
가족
&
아동청소년 상담실
가족 및 개인상담
◦
상담대상
:
개인
,
부부
,
가족
(
다문화 포함
)
◦
운영시간
:
월
,
금
10:00~18:00
화
~
목
10:00~21:00
◦
상담장소
:
센터 내 상담실
화상상담
(ZOOM)
◦
상담회기
:
개인상담
8
회기
부부및가족상담
10
회기
(
상담사와 논의 후 연장가능
)
◦
상담비용
:
무료
연장시 회기당
20,000
원
아동청소년 상담
◦
상담대상
:
개인
,
짝
(2
인
),
부모자녀 놀이치료
(
다문화 포함
)
◦
운영시간
:
월
,
금
14:00~18:00
화
~
목
14:00~21:00
◦
상담장소
:
아동청소년 상담실
◦
상담회기
: 12
회기
(
상담사와 논의 후 연장가능
)
◦
상담비용
:
개인
/
짝 회기당
35,000
원
부모자녀 회기당
50,000
원
찾아가는 상담
◦
상담대상
: 1)
느린학습자 특성을 가진 아동과 양육자
2)
가족갈등
,
단절로 어려움이 있는 가족
◦
운영시간
:
월
,
금
10:00~18:00
화
~
목
10:00~21:00
◦
상담장소
:
직장 및 가정근처 상담소
◦
상담회기
: 1)
총
12
회기
.
아동
/
가족상담
8
회
+
짝치료
4
회
2)
총
10
회
◦
상담비용
:
무료
부부
&
가족상담
(
서울시 가족상담지원
)
◦
상담대상
:
부부
,
가족
(
다문화 포함
)
◦
운영시간
:
월
,
금
10:00~18:00
화
~
목
10:00~21:00
◦
상담장소
:
센터 내 상담실
화상상담
(ZOOM)
◦
상담회기
:
부부및가족상담
10
회기
(
상담사와 논의 후 연장가능
)
◦
상담비용
:
무료
연장시 회기당
20,000
원
이미지:
https://liveinkorea.kr/mng/upload/se2/8df632ed-9014-432e-b2a1-5e8c5cecf838.jpg",https://liveinkorea.kr/web/lay1/bbs/S1T10C27/A/4/view.do?article_seq=41733&cpage=1&rows=10&condition=&keyword=&area=A001&area_detail=D004&search_year=&search_month=&search_recruit_stat=02
성동구,,[성동구가족센터] 2025년 한국어교육 시간표 안내,"결혼이민자, 중도입국자녀, 다문화가족",접수기간 : 2025-02-01 ~ 2025-12-19,"▶ 대상: 결혼이민자, 중도입국자녀, 다문화가족
▶ 장소: 서울 성동구 무학로 6길 9 2층 프로그램실
▶ 비용: 수강료 무료, 교재 개별 구매(온라인 및 오프라인 활용)
▶ 신청방법: 전화 신청(070-7477-8518) 및 홈페이지 신청(필수!)
▶ 문의: 070-7477-8518
▶ 시간표 홍보지 참고",,문의처 : 한국어교육 담당자(070-7477-8518),,https://liveinkorea.kr/mng/upload/se2/cd242781-bfb0-46ac-9c5c-ce915d803e75.jpg,"[성동구] [성동구가족센터] 2025년 한국어교육 시간표 안내
접수기간 : 2025-02-01 ~ 2025-12-19
대상 : 결혼이민자, 중도입국자녀, 다문화가족
문의처 : 한국어교육 담당자(070-7477-8518)
▶ 대상: 결혼이민자, 중도입국자녀, 다문화가족
▶ 장소: 서울 성동구 무학로 6길 9 2층 프로그램실
▶ 비용: 수강료 무료, 교재 개별 구매(온라인 및 오프라인 활용)
▶ 신청방법: 전화 신청(070-7477-8518) 및 홈페이지 신청(필수!)
▶ 문의: 070-7477-8518
▶ 시간표 홍보지 참고
이미지:
https://liveinkorea.kr/mng/upload/se2/cd242781-bfb0-46ac-9c5c-ce915d803e75.jpg",https://liveinkorea.kr/web/lay1/bbs/S1T10C27/A/4/view.do?article_seq=41313&cpage=1&rows=10&condition=&keyword=&area=A001&area_detail=D004&search_year=&search_month=&search_recruit_stat=02
성동구,,2025년 다문화가족 방문교육서비스 안내,"결혼이민자, 다문화가족·중도입국자녀",접수기간 : 2025-01-02 ~ 2025-11-30,"성동구가족센터에서 결혼이민자, 다문화가족·중도입국자녀 대상으로
1:1 방문교육서비스
를 진행합니다.
많은 관심과 참여 부탁드립니다!
대상
- 방문한국어교육 : 결혼이민자, 중도입국자녀(입국 5년 이하)
- 방문부모교육 : 결혼이민자(12세 이하 자녀_임신~영아기,유아기,아동기 각 1회)
- 자녀생활서비스 : 만 3~12세 다문화가족, 중도입국자녀
* 중도입국자녀의 경우 방문한국어 혹은 자녀생활서비스 중 1가지만 선택
내용 : 방문교육지도사가 집으로 직접 방문해 1:1 방문교육(주 2회)
신청 : 거주하고 있는 동주민센터 방문하여 다문화가족 방문교육서비스 신청
문의 : 070-7477-8530(
사업2팀)",,문의처 : 070-7477-8530,,https://familynet.or.kr/upload/editor/0c498091-2dd4-4e6f-9f89-0be46e0d4449.jpg; https://familynet.or.kr/upload/editor/1e91d6b9-47d2-427f-92f8-0f8bf0025462.jpg,"[성동구] 2025년 다문화가족 방문교육서비스 안내
접수기간 : 2025-01-02 ~ 2025-11-30
대상 : 결혼이민자, 다문화가족·중도입국자녀
문의처 : 070-7477-8530
성동구가족센터에서 결혼이민자, 다문화가족·중도입국자녀 대상으로
1:1 방문교육서비스
를 진행합니다.
많은 관심과 참여 부탁드립니다!
대상
- 방문한국어교육 : 결혼이민자, 중도입국자녀(입국 5년 이하)
- 방문부모교육 : 결혼이민자(12세 이하 자녀_임신~영아기,유아기,아동기 각 1회)
- 자녀생활서비스 : 만 3~12세 다문화가족, 중도입국자녀
* 중도입국자녀의 경우 방문한국어 혹은 자녀생활서비스 중 1가지만 선택
내용 : 방문교육지도사가 집으로 직접 방문해 1:1 방문교육(주 2회)
신청 : 거주하고 있는 동주민센터 방문하여 다문화가족 방문교육서비스 신청
문의 : 070-7477-8530(
사업2팀)
이미지:
https://familynet.or.kr/upload/editor/0c498091-2dd4-4e6f-9f89-0be46e0d4449.jpg
https://familynet.or.kr/upload/editor/1e91d6b9-47d2-427f-92f8-0f8bf0025462.jpg",https://liveinkorea.kr/web/lay1/bbs/S1T10C27/A/4/view.do?article_seq=41225&cpage=1&rows=10&condition=&keyword=&area=A001&area_detail=D004&search_year=&search_month=&search_recruit_stat=02
광진구,,[광진구가족센터] 2025년 광진 온(溫)누리 가족축제,광진구민,접수기간 : 2025-10-10 ~ 2025-10-23,"2025년 광진 온(溫)누리 가족축제를 진행합니다.
광진구민의 많은 관심과 참여 바랍니다:)
- 일시: 10월 25일(토) 11:00~16:00
- 장소: 광진숲나루(광진구 구의동 175-1)
- 대상: 광진구민 누구나
- 내용: 개회식, 세계 테마 여행(놀이존, 체험존, 다과존), 이벤트존(페이스페인팅, 에어바운스, 전통의상체험 및 포토존 등)
- 참여방법: 온라인 사전접수 및 당일 현장 접수
- 사전접수 신청기간: 10월 10일(금) 9:00~10월 23일(목) 18:00
▶ 신청링크:
https://forms.gle/k6EM19hM2r3HpRYQA
※사전접수자 중 선착순 200명에게 당일 11시 참석 확인 후, 기프티콘을 발송해 드립니다.
※사전접수자가 아니어도 행사 당일에 현장 접수 및 참여가 가능합니다.
자세한 사항은 포스터를 참고해주세요.
기타 문의사항은 센터로 연락 바랍니다. 감사합니다.
문의 ☎02-458-0622",,문의처 : 02-458-0622,,https://www.liveinkorea.kr/upload/editor/d569258b-e9b4-432a-b945-41ea4f10600d.jpg,"[광진구] [광진구가족센터] 2025년 광진 온(溫)누리 가족축제
접수기간 : 2025-10-10 ~ 2025-10-23
대상 : 광진구민
문의처 : 02-458-0622
2025년 광진 온(溫)누리 가족축제를 진행합니다.
광진구민의 많은 관심과 참여 바랍니다:)
- 일시: 10월 25일(토) 11:00~16:00
- 장소: 광진숲나루(광진구 구의동 175-1)
- 대상: 광진구민 누구나
- 내용: 개회식, 세계 테마 여행(놀이존, 체험존, 다과존), 이벤트존(페이스페인팅, 에어바운스, 전통의상체험 및 포토존 등)
- 참여방법: 온라인 사전접수 및 당일 현장 접수
- 사전접수 신청기간: 10월 10일(금) 9:00~10월 23일(목) 18:00
▶ 신청링크:
https://forms.gle/k6EM19hM2r3HpRYQA
※사전접수자 중 선착순 200명에게 당일 11시 참석 확인 후, 기프티콘을 발송해 드립니다.
※사전접수자가 아니어도 행사 당일에 현장 접수 및 참여가 가능합니다.
자세한 사항은 포스터를 참고해주세요.
기타 문의사항은 센터로 연락 바랍니다. 감사합니다.
문의 ☎02-458-0622
이미지:
https://www.liveinkorea.kr/upload/editor/d569258b-e9b4-432a-b945-41ea4f10600d.jpg",https://liveinkorea.kr/web/lay1/bbs/S1T10C27/A/4/view.do?article_seq=163658&cpage=1&rows=10&condition=&keyword=&area=A001&area_detail=D005&search_year=&search_month=&search_recruit_stat=02
동대문구,,[동대문구가족센터] 동대문구 다(多)함께 토크콘서트,"다문화가족 구성원(결혼이민자, 배우자, 배우자의 부모 등)",접수기간 : 2025-09-29 ~ 2025-10-17,"다문화가족 구성원(결혼이민자, 배우자, 배우자의 부모)들의
서로의 얘기를 들어볼 수 있는 동대문구 다(多)함께 토크콘서트에 초대합니다.
홍보지 QR코드 혹은 아래 링크로 신청서 제출해주세요.
많은 관심과 참여 부탁드립니다^^
1. 일정 : 10월 18일 토요일 14시~17시
2. 장소 : 동대문구가족센터 제1센터 6층 다가온
3. 내용 : 참여형 토크콘서트, 다함께 한끼(저녁식사)
4. 대상 : 다문화가족구성원(결혼이민자, 배우자, 배우자의 부모 등)
5. 참고사항 : 4세 이상부터 자녀돌봄 가능(센터 내 공동육아나눔터)
6. 문의 : 070-7422-6634(사업1팀 정동진)
7. 신청 :https://forms.gle/2sSx8LD2J2FkWYWZA
* 가족구성원 1명과 함께오면 선물 1개, 2명 이상 선물 2개 제공합니다. 많은 관심 부탁드립니다.
문의 ☎ 070-7422-6634",,문의처 : 070-7422-6634,,https://www.liveinkorea.kr/upload/editor/92677dcf-df36-4420-a9eb-42183f622863.jpg,"[동대문구] [동대문구가족센터] 동대문구 다(多)함께 토크콘서트
접수기간 : 2025-09-29 ~ 2025-10-17
대상 : 다문화가족 구성원(결혼이민자, 배우자, 배우자의 부모 등)
문의처 : 070-7422-6634
다문화가족 구성원(결혼이민자, 배우자, 배우자의 부모)들의
서로의 얘기를 들어볼 수 있는 동대문구 다(多)함께 토크콘서트에 초대합니다.
홍보지 QR코드 혹은 아래 링크로 신청서 제출해주세요.
많은 관심과 참여 부탁드립니다^^
1. 일정 : 10월 18일 토요일 14시~17시
2. 장소 : 동대문구가족센터 제1센터 6층 다가온
3. 내용 : 참여형 토크콘서트, 다함께 한끼(저녁식사)
4. 대상 : 다문화가족구성원(결혼이민자, 배우자, 배우자의 부모 등)
5. 참고사항 : 4세 이상부터 자녀돌봄 가능(센터 내 공동육아나눔터)
6. 문의 : 070-7422-6634(사업1팀 정동진)
7. 신청 :https://forms.gle/2sSx8LD2J2FkWYWZA
* 가족구성원 1명과 함께오면 선물 1개, 2명 이상 선물 2개 제공합니다. 많은 관심 부탁드립니다.
문의 ☎ 070-7422-6634
이미지:
https://www.liveinkorea.kr/upload/editor/92677dcf-df36-4420-a9eb-42183f622863.jpg",https://liveinkorea.kr/web/lay1/bbs/S1T10C27/A/4/view.do?article_seq=163522&cpage=1&rows=10&condition=&keyword=&area=A001&area_detail=D006&search_year=&search_month=&search_recruit_stat=02
중랑구,,[중랑구] 다문화가족생애주기별부모교육 - 학령기부모교육 (저학년 편),다문화 7세~초등 2학년 자녀를 둔 부모 및 자녀 8가,접수기간 : 2025-10-01 ~ 2025-10-24,"안녕하세요. 중랑구가족센터입니다~
11월 학령기부모교육 (저학년 편)을 진행합니다.
- 신청기간
2025.10.01.(수) ~ 2025.10.24. (금)
- 신청방법
중랑구가족센터 홈페이지 신청
* 부모 & 자녀 모두 신청해주세요 *
https://jungnang.familynet.or.kr/web/lay1/program/S1T304C450/recruitReceipt/view.do?seq=231583
- 대상
다문화 7세~초등 2학년 부모 및 자녀 16명
(8가정, 부모1, 자녀 1명 기준)
- 진행일정 및 내용
11/2(일) 13:30~15:00
학령기부모교육
자녀 체험 프로그램
-장소
중랑구가족센터 3층 책꿈터, 레인보우 존
- 문의
가족사업2팀 정우영
02-435-4142
많은 관심과 참여 부탁드립니다 : )",,"문의처 : 02-435-4142,9",,https://www.liveinkorea.kr/upload/editor/0359fe47-a20d-42a4-b942-81e7b4608e13.jpg,"[중랑구] [중랑구] 다문화가족생애주기별부모교육 - 학령기부모교육 (저학년 편)
접수기간 : 2025-10-01 ~ 2025-10-24
대상 : 다문화 7세~초등 2학년 자녀를 둔 부모 및 자녀 8가
문의처 : 02-435-4142,9
안녕하세요. 중랑구가족센터입니다~
11월 학령기부모교육 (저학년 편)을 진행합니다.
- 신청기간
2025.10.01.(수) ~ 2025.10.24. (금)
- 신청방법
중랑구가족센터 홈페이지 신청
* 부모 & 자녀 모두 신청해주세요 *
https://jungnang.familynet.or.kr/web/lay1/program/S1T304C450/recruitReceipt/view.do?seq=231583
- 대상
다문화 7세~초등 2학년 부모 및 자녀 16명
(8가정, 부모1, 자녀 1명 기준)
- 진행일정 및 내용
11/2(일) 13:30~15:00
학령기부모교육
자녀 체험 프로그램
-장소
중랑구가족센터 3층 책꿈터, 레인보우 존
- 문의
가족사업2팀 정우영
02-435-4142
많은 관심과 참여 부탁드립니다 : )
이미지:
https://www.liveinkorea.kr/upload/editor/0359fe47-a20d-42a4-b942-81e7b4608e13.jpg",https://liveinkorea.kr/web/lay1/bbs/S1T10C27/A/4/view.do?article_seq=163626&cpage=1&rows=10&condition=&keyword=&area=A001&area_detail=D007&search_year=&search_month=&search_recruit_stat=02
중랑구,,[중랑구] 10월 프로그램 일정,지역주민,접수기간 : 2025-10-01 ~ 2025-10-31,,,"문의처 : 02-435-4142,9",,https://www.liveinkorea.kr/upload/editor/2e34720b-2367-4832-b7b6-762e41433947.png; https://www.liveinkorea.kr/upload/editor/deaa8c63-e28e-492c-afca-05e978b06a6f.png; https://www.liveinkorea.kr/upload/editor/6d8c8f10-161e-4ef1-9f99-e58c5094788e.png; https://www.liveinkorea.kr/upload/editor/c6e4d488-9209-489e-b8fb-9688d66a5b8b.png; https://www.liveinkorea.kr/upload/editor/9082bf20-1a7f-4ca7-a650-6d94766da3f3.png; https://www.liveinkorea.kr/upload/editor/d0871867-f6fd-4cd5-b4a6-fb2eff94af7c.png,"[중랑구] [중랑구] 10월 프로그램 일정
접수기간 : 2025-10-01 ~ 2025-10-31
대상 : 지역주민
문의처 : 02-435-4142,9
이미지:
https://www.liveinkorea.kr/upload/editor/2e34720b-2367-4832-b7b6-762e41433947.png
https://www.liveinkorea.kr/upload/editor/deaa8c63-e28e-492c-afca-05e978b06a6f.png
https://www.liveinkorea.kr/upload/editor/6d8c8f10-161e-4ef1-9f99-e58c5094788e.png
https://www.liveinkorea.kr/upload/editor/c6e4d488-9209-489e-b8fb-9688d66a5b8b.png
https://www.liveinkorea.kr/upload/editor/9082bf20-1a7f-4ca7-a650-6d94766da3f3.png
https://www.liveinkorea.kr/upload/editor/d0871867-f6fd-4cd5-b4a6-fb2eff94af7c.png",https://liveinkorea.kr/web/lay1/bbs/S1T10C27/A/4/view.do?article_seq=163583&cpage=1&rows=10&condition=&keyword=&area=A001&area_detail=D007&search_year=&search_month=&search_recruit_stat=02
중랑구,,[중랑구] 다가온 '내 마음속 책방나들이' 참여자 모집,결혼이주민,접수기간 : 2025-09-29 ~ 2025-10-21,"안녕하세요!
중랑구 가족센터입니다.
다가온에서는 가을을 맞아 결혼이주민을 위해
'나'를 찾아가는 독서문화 프로그램
을 준비했습니다.
재밌는 그림책을 읽고 함께 컬러링, 필사, 편지카드 만들기 등
힐링할 수 있는 독후활동
이 기다리고 있습니다~
마지막 시간에는 중랑구에 있는
예쁜 책방도 방문할 예정
이오니
많은 관심과 신청 부탁 드립니다! 감사합니다 :-)
- 모집: 25.09.29.(월)~완료까지
- 일정: 25.10.21.~10.30. 매주 화,목 14:00~15:30 / 총 4회
- 장소: 중랑구 가족센터 / 바람길 서점
- 대상: 결혼이주민 8명 이상
: 중랑구민, 모두 참여자 우선 선정
: 자녀 돌봄 원할 시, 추후 담당자 연락이 갈 수 있음.
- 활동: 그림책 독서 + 다양한 독후활동 (자세한 내용은 아래 블로그 링크 접속)
https://blog.naver.com/jungnang4142/224025504056
- 신청: 구글폼 링크 접속 후 제출
https://forms.gle/SzDWeEAkuVqgMmR47
- 문의: 02-435-4149 / 070-7434-5674 김아영",,문의처 : 02-435-4149,,https://www.liveinkorea.kr/upload/editor/f90e1b1b-fabf-479b-a61a-65792ce9eff7.png,"[중랑구] [중랑구] 다가온 '내 마음속 책방나들이' 참여자 모집
접수기간 : 2025-09-29 ~ 2025-10-21
대상 : 결혼이주민
문의처 : 02-435-4149
안녕하세요!
중랑구 가족센터입니다.
다가온에서는 가을을 맞아 결혼이주민을 위해
'나'를 찾아가는 독서문화 프로그램
을 준비했습니다.
재밌는 그림책을 읽고 함께 컬러링, 필사, 편지카드 만들기 등
힐링할 수 있는 독후활동
이 기다리고 있습니다~
마지막 시간에는 중랑구에 있는
예쁜 책방도 방문할 예정
이오니
많은 관심과 신청 부탁 드립니다! 감사합니다 :-)
- 모집: 25.09.29.(월)~완료까지
- 일정: 25.10.21.~10.30. 매주 화,목 14:00~15:30 / 총 4회
- 장소: 중랑구 가족센터 / 바람길 서점
- 대상: 결혼이주민 8명 이상
: 중랑구민, 모두 참여자 우선 선정
: 자녀 돌봄 원할 시, 추후 담당자 연락이 갈 수 있음.
- 활동: 그림책 독서 + 다양한 독후활동 (자세한 내용은 아래 블로그 링크 접속)
https://blog.naver.com/jungnang4142/224025504056
- 신청: 구글폼 링크 접속 후 제출
https://forms.gle/SzDWeEAkuVqgMmR47
- 문의: 02-435-4149 / 070-7434-5674 김아영
이미지:
https://www.liveinkorea.kr/upload/editor/f90e1b1b-fabf-479b-a61a-65792ce9eff7.png",https://liveinkorea.kr/web/lay1/bbs/S1T10C27/A/4/view.do?article_seq=163528&cpage=1&rows=10&condition=&keyword=&area=A001&area_detail=D007&search_year=&search_month=&search_recruit_stat=02
중랑구,,[중랑구가족센터] 결혼이민자 취업상담 참여자 모집,결혼이민자,접수기간 : 2025-09-22 ~ 2025-10-16,"직업상담사가 해주는 '결혼이민자 취업상담'
참여자를 모집합니다~
​
타임별 2명씩 진행하며,
최대 1시간정도 상담이 진행됩니다
​
✨상담 일정✨
10/23(목) 10:00~17:00
★A~E타임 중 시간 선택
​
▼취업상담 신청링크▼
https://naver.me/xTsyrQaz
★선정연락 받은 분들은
홈페이지 신청 필수",,문의처 : 02-435-4149,,https://www.liveinkorea.kr/upload/editor/bde9d174-3adc-4054-8f5f-9760a6db6a0f.jpg,"[중랑구] [중랑구가족센터] 결혼이민자 취업상담 참여자 모집
접수기간 : 2025-09-22 ~ 2025-10-16
대상 : 결혼이민자
문의처 : 02-435-4149
직업상담사가 해주는 '결혼이민자 취업상담'
참여자를 모집합니다~
​
타임별 2명씩 진행하며,
최대 1시간정도 상담이 진행됩니다
​
✨상담 일정✨
10/23(목) 10:00~17:00
★A~E타임 중 시간 선택
​
▼취업상담 신청링크▼
https://naver.me/xTsyrQaz
★선정연락 받은 분들은
홈페이지 신청 필수
이미지:
https://www.liveinkorea.kr/upload/editor/bde9d174-3adc-4054-8f5f-9760a6db6a0f.jpg",https://liveinkorea.kr/web/lay1/bbs/S1T10C27/A/4/view.do?article_seq=163404&cpage=1&rows=10&condition=&keyword=&area=A001&area_detail=D007&search_year=&search_month=&search_recruit_stat=02
중랑구,,[중랑구] 다(多)함께 프로그램 참여자 모집,"결혼이민자와 배우자, 배우자의 부모 등",접수기간 : 2025-09-19 ~ 2025-10-24,"안녕하세요. 중랑구가족센터입니다~
2025 다(多)함께 프로그램 참여자를 모집합니다!
- 신청기간
2025.09.19.(금)~2025.10.24.(금)
- 신청방법
전화, 방문, *홈페이지 신청 (가족구성원 모두 신청 필수)
- 신청링크
https://jungnang.familynet.or.kr/web/lay1/program/S1T304C450/recruitReceipt/view.do?seq=229528
-대상
결혼이민자와 배우자, 배우자의 부모 등 7가정
(성인 2명 이상 필수 / 자녀 돌봄 가능)
- 장소
중랑구가족센터 2층 교육실, 3층 책꿈터
- 일정
11/02(일) 10:30~13:30
가족소통교육 (상대방 이해하기)
동물마카롱 만들기
11/09(일) 10:30~13:30
가족소통교육 (올바른 의사소통)
과일 찹쌀떡 만들기
-문의
02-435-4149
많은 관심과 참여 부탁드립니다 ^^",,문의처 : 02-435-4149,,https://www.liveinkorea.kr/upload/editor/783b0584-f3c5-41f1-9cd4-76f63cd71d6f.jpg,"[중랑구] [중랑구] 다(多)함께 프로그램 참여자 모집
접수기간 : 2025-09-19 ~ 2025-10-24
대상 : 결혼이민자와 배우자, 배우자의 부모 등
문의처 : 02-435-4149
안녕하세요. 중랑구가족센터입니다~
2025 다(多)함께 프로그램 참여자를 모집합니다!
- 신청기간
2025.09.19.(금)~2025.10.24.(금)
- 신청방법
전화, 방문, *홈페이지 신청 (가족구성원 모두 신청 필수)
- 신청링크
https://jungnang.familynet.or.kr/web/lay1/program/S1T304C450/recruitReceipt/view.do?seq=229528
-대상
결혼이민자와 배우자, 배우자의 부모 등 7가정
(성인 2명 이상 필수 / 자녀 돌봄 가능)
- 장소
중랑구가족센터 2층 교육실, 3층 책꿈터
- 일정
11/02(일) 10:30~13:30
가족소통교육 (상대방 이해하기)
동물마카롱 만들기
11/09(일) 10:30~13:30
가족소통교육 (올바른 의사소통)
과일 찹쌀떡 만들기
-문의
02-435-4149
많은 관심과 참여 부탁드립니다 ^^
이미지:
https://www.liveinkorea.kr/upload/editor/783b0584-f3c5-41f1-9cd4-76f63cd71d6f.jpg",https://liveinkorea.kr/web/lay1/bbs/S1T10C27/A/4/view.do?article_seq=163384&cpage=1&rows=10&condition=&keyword=&area=A001&area_detail=D007&search_year=&search_month=&search_recruit_stat=02
중랑구,,[중랑구] 다문화가족생애주기별부모교육_부부관계 증진교육,다문화 부부 7쌍,접수기간 : 2025-09-15 ~ 2025-10-17,"안녕하세요. 중랑구가족센터입니다~
10월 부부관계 증진교육을 진행합니다 : )
[부부관계 증진교육]
- 신청기간
2025.09.15(월) ~ 2025.10.17.(금)
- 신청방법
중랑구가족센터 홈페이지 신청
* 부부 모두 신청해주세요 *
>>> 신청링크 <<<
https://jungnang.familynet.or.kr/web/lay1/program/S1T304C450/recruitReceipt/view.do?seq=228920
- 대상
다문화 부부 7쌍
(부부 모두 진행하는 프로그램입니다)
- 진행일정 및 내용
10/19(일) 13:30~16:30
행복한 붑관계 교육
고구마무스 보틀 케이크 만들기
10/2(일) 13:30~16:30
효과적인 의사소통
건강도시락 만들기
- 장소
교육 : 본 센터 3층 책꿈터
체험 : 본 센터 2층 교육실
- 문의
가족사업 2팀 정우영
☎ 02-435-4142
많은 관심과 참여 부탁드립니다 : )",,"문의처 : 02-435-4142,9",,https://www.liveinkorea.kr/upload/editor/b42e8876-f332-4ab4-b1fb-04b60ae420c1.png,"[중랑구] [중랑구] 다문화가족생애주기별부모교육_부부관계 증진교육
접수기간 : 2025-09-15 ~ 2025-10-17
대상 : 다문화 부부 7쌍
문의처 : 02-435-4142,9
안녕하세요. 중랑구가족센터입니다~
10월 부부관계 증진교육을 진행합니다 : )
[부부관계 증진교육]
- 신청기간
2025.09.15(월) ~ 2025.10.17.(금)
- 신청방법
중랑구가족센터 홈페이지 신청
* 부부 모두 신청해주세요 *
>>> 신청링크 <<<
https://jungnang.familynet.or.kr/web/lay1/program/S1T304C450/recruitReceipt/view.do?seq=228920
- 대상
다문화 부부 7쌍
(부부 모두 진행하는 프로그램입니다)
- 진행일정 및 내용
10/19(일) 13:30~16:30
행복한 붑관계 교육
고구마무스 보틀 케이크 만들기
10/2(일) 13:30~16:30
효과적인 의사소통
건강도시락 만들기
- 장소
교육 : 본 센터 3층 책꿈터
체험 : 본 센터 2층 교육실
- 문의
가족사업 2팀 정우영
☎ 02-435-4142
많은 관심과 참여 부탁드립니다 : )
이미지:
https://www.liveinkorea.kr/upload/editor/b42e8876-f332-4ab4-b1fb-04b60ae420c1.png",https://liveinkorea.kr/web/lay1/bbs/S1T10C27/A/4/view.do?article_seq=163320&cpage=1&rows=10&condition=&keyword=&area=A001&area_detail=D007&search_year=&search_month=&search_recruit_stat=02
중랑구,,[중랑구] 결혼이민자 통·번역 서비스 안내,"중랑구의 결혼이민자, 다문화가족, 외국인, 난민가족, 개인 또는 공공기관 등",접수기간 : 2025-01-01 ~ 2025-12-31,"안녕하세요~
중랑구가족센터 베트남어 통번역서비스 지원사업을 소개드립니다!
결혼이민자의 의사소통 문제 해결을 통해 성공적인 조기 정착 지원 및 한국생활시 겪는 어려움 해소하기 위해 베트남어 통번역서비스를 제공하고 있습니다.
*신청기간: 2025년 1월 ~ 12월 / 월 ~ 금 (9:00~18:00) (점심시간 제외)
*대상: 중랑구의 결혼이민자, 다문화가족, 외국인, 난민가족, 개인 또는 공공기관...
*지원 언어: 베트남어 ※기타언어: 타센터 연계하여 서비스 제공 및 생활통역단 연계
*내용: 1) 통역: 의사소통, 교육과정, 출입국, 병원, 법원, 학교 공공기관 동행통역 등
2) 번역: 학교 안내문, 가정 통신문 등
3) 정보제공: 비자 국적취득 관련 정보, 일상생활, 임신 출산, 행정정보 등
*신청방법: 센터방문 및 전화 / email / 팩스
*관련문의:  이선미 통번역 담당자 / 070-7434-5672",,문의처 : 070-7434-5672,,https://liveinkorea.kr/mng/upload/se2/312c9fda-a1f1-4ab9-810d-6b9cae42ced0.png,"[중랑구] [중랑구] 결혼이민자 통·번역 서비스 안내
접수기간 : 2025-01-01 ~ 2025-12-31
대상 : 중랑구의 결혼이민자, 다문화가족, 외국인, 난민가족, 개인 또는 공공기관 등
문의처 : 070-7434-5672
안녕하세요~
중랑구가족센터 베트남어 통번역서비스 지원사업을 소개드립니다!
결혼이민자의 의사소통 문제 해결을 통해 성공적인 조기 정착 지원 및 한국생활시 겪는 어려움 해소하기 위해 베트남어 통번역서비스를 제공하고 있습니다.
*신청기간: 2025년 1월 ~ 12월 / 월 ~ 금 (9:00~18:00) (점심시간 제외)
*대상: 중랑구의 결혼이민자, 다문화가족, 외국인, 난민가족, 개인 또는 공공기관...
*지원 언어: 베트남어 ※기타언어: 타센터 연계하여 서비스 제공 및 생활통역단 연계
*내용: 1) 통역: 의사소통, 교육과정, 출입국, 병원, 법원, 학교 공공기관 동행통역 등
2) 번역: 학교 안내문, 가정 통신문 등
3) 정보제공: 비자 국적취득 관련 정보, 일상생활, 임신 출산, 행정정보 등
*신청방법: 센터방문 및 전화 / email / 팩스
*관련문의:  이선미 통번역 담당자 / 070-7434-5672
이미지:
https://liveinkorea.kr/mng/upload/se2/312c9fda-a1f1-4ab9-810d-6b9cae42ced0.png",https://liveinkorea.kr/web/lay1/bbs/S1T10C27/A/4/view.do?article_seq=41686&cpage=1&rows=10&condition=&keyword=&area=A001&area_detail=D007&search_year=&search_month=&search_recruit_stat=02
중랑구,,[중랑구] 2025 다문화가족 생애주기별 부모교육,중랑구민,접수기간 : 2025-02-24 ~ 2025-10-17,"안녕하세요. 중랑구가족센터입니다~
본 센터에서는 2025년 다문화가족을 대상으로
생애주기별 부모교육을 진행할 예정입니다 : )
[2025 다문화가족 생애주기별 부모교육 안내]
4월 학령기부모교육을 시작으로
6개 주제에 대한 교육을 진행할 예정입니다..
각 교육의 세부사항은 추후 게시되는
홍보지를 참고하여 주시기 바랍니다.
-문의-
가족사업2팀 정우영
☎️02-435-4142
많은 관심과 참여 부탁드립니다 : )",,문의처 : 02-435-4142,,https://www.familynet.or.kr/upload/editor/7913e72c-ea63-49b2-b42a-a326e2835fcd.png,"[중랑구] [중랑구] 2025 다문화가족 생애주기별 부모교육
접수기간 : 2025-02-24 ~ 2025-10-17
대상 : 중랑구민
문의처 : 02-435-4142
안녕하세요. 중랑구가족센터입니다~
본 센터에서는 2025년 다문화가족을 대상으로
생애주기별 부모교육을 진행할 예정입니다 : )
[2025 다문화가족 생애주기별 부모교육 안내]
4월 학령기부모교육을 시작으로
6개 주제에 대한 교육을 진행할 예정입니다..
각 교육의 세부사항은 추후 게시되는
홍보지를 참고하여 주시기 바랍니다.
-문의-
가족사업2팀 정우영
☎️02-435-4142
많은 관심과 참여 부탁드립니다 : )
이미지:
https://www.familynet.or.kr/upload/editor/7913e72c-ea63-49b2-b42a-a326e2835fcd.png",https://liveinkorea.kr/web/lay1/bbs/S1T10C27/A/4/view.do?article_seq=41436&cpage=1&rows=10&condition=&keyword=&area=A001&area_detail=D007&search_year=&search_month=&search_recruit_stat=02
성북구,,2025년 결혼이민자 정착단계별 지원패키지 「세계놀이문화강사양성과정」,"결혼이민자(F-5, F-6, 귀화)",접수기간 : 2025-09-09 ~ 2025-10-19,"1. 지원대상: 결혼이민자(F-5, F-6, 귀화)
2. 모집인원: 10명
3. 신청기간: 9/9(화)~9/22(월)까지
4. 진행일시 : 9/23(화)~11/18(화)(매주 화·목, 10시-13시) ※ 단, 기초소양교육 및 실습은 일일 2시간 진행
5. 지원내용: 총 20회기(소양교육(이력서 및 자기소개서, 강의 포트폴리오 작성 등), 직무교육(세계전통놀이법 익히기), 실습(교구제작 및 현장실습))
6. 신청바로가기:
https://forms.gle/Hw7hAbyTSAsGGxeN9
7. 문의전화 : 02)6263-5604",,문의처 : 02-6263-5604,,https://www.liveinkorea.kr/upload/editor/9172fbd9-bac9-44e7-a552-dc71bd128b48.png,"[성북구] 2025년 결혼이민자 정착단계별 지원패키지 「세계놀이문화강사양성과정」
접수기간 : 2025-09-09 ~ 2025-10-19
대상 : 결혼이민자(F-5, F-6, 귀화)
문의처 : 02-6263-5604
1. 지원대상: 결혼이민자(F-5, F-6, 귀화)
2. 모집인원: 10명
3. 신청기간: 9/9(화)~9/22(월)까지
4. 진행일시 : 9/23(화)~11/18(화)(매주 화·목, 10시-13시) ※ 단, 기초소양교육 및 실습은 일일 2시간 진행
5. 지원내용: 총 20회기(소양교육(이력서 및 자기소개서, 강의 포트폴리오 작성 등), 직무교육(세계전통놀이법 익히기), 실습(교구제작 및 현장실습))
6. 신청바로가기:
https://forms.gle/Hw7hAbyTSAsGGxeN9
7. 문의전화 : 02)6263-5604
이미지:
https://www.liveinkorea.kr/upload/editor/9172fbd9-bac9-44e7-a552-dc71bd128b48.png",https://liveinkorea.kr/web/lay1/bbs/S1T10C27/A/4/view.do?article_seq=163269&cpage=1&rows=10&condition=&keyword=&area=A001&area_detail=D008&search_year=&search_month=&search_recruit_stat=02
성북구,,[결혼이민자역량강화지원] 2025년 2학기 한국어교육,결혼이민자,접수기간 : 2025-06-23 ~ 2025-11-30,">

 
1. 일정
-지역문화말하기
3
단계
: 8/11(
월
) ~ 12/3(
수
)
-토픽
1 : 8/12(
화
)~ 12/4(
화
)
-취업지원
2
단계
: 8/11(
월
) ~ 12/3(
수
)
-토픽
II : 8/11(
월
) ~ 12/3(
수
)
-귀화대비반
: 9/6(
토
)~ 11/29(
토
)

 

2. 장소 : 성북구 가족센터 (안암로 145, 고려대 라이시움 102호)
3. 신청방법 :
한국어 교육
_2025
년
2
학기 신청서 양식 작성 또는 전화 접수
https://forms.gle/KzZH28279ZCrZVjJA
4. 문의 : 070-4917-2958   성북구가족센터",,문의처 : 070-4917-2958,,https://liveinkorea.kr/mng/upload/se2/e5bfa993-f835-45d6-a06d-d9a25070cd3a.png,"[성북구] [결혼이민자역량강화지원] 2025년 2학기 한국어교육
접수기간 : 2025-06-23 ~ 2025-11-30
대상 : 결혼이민자
문의처 : 070-4917-2958
>

 
1. 일정
-지역문화말하기
3
단계
: 8/11(
월
) ~ 12/3(
수
)
-토픽
1 : 8/12(
화
)~ 12/4(
화
)
-취업지원
2
단계
: 8/11(
월
) ~ 12/3(
수
)
-토픽
II : 8/11(
월
) ~ 12/3(
수
)
-귀화대비반
: 9/6(
토
)~ 11/29(
토
)

 

2. 장소 : 성북구 가족센터 (안암로 145, 고려대 라이시움 102호)
3. 신청방법 :
한국어 교육
_2025
년
2
학기 신청서 양식 작성 또는 전화 접수
https://forms.gle/KzZH28279ZCrZVjJA
4. 문의 : 070-4917-2958   성북구가족센터
이미지:
https://liveinkorea.kr/mng/upload/se2/e5bfa993-f835-45d6-a06d-d9a25070cd3a.png",https://liveinkorea.kr/web/lay1/bbs/S1T10C27/A/4/view.do?article_seq=42144&cpage=1&rows=10&condition=&keyword=&area=A001&area_detail=D008&search_year=&search_month=&search_recruit_stat=02
성북구,,[성북구가족센터]다문화가족 자녀 정서안정(심리상담 및 심리검사) 지원,다문화가족 자녀 7세~24세 학령기 자녀,접수기간 : 2025-04-01 ~ 2025-12-31,,,문의처 : 070-4203-6394,,https://liveinkorea.kr/mng/upload/se2/b862af0e-6a77-433e-9e01-0465cc3f5d2b.png,"[성북구] [성북구가족센터]다문화가족 자녀 정서안정(심리상담 및 심리검사) 지원
접수기간 : 2025-04-01 ~ 2025-12-31
대상 : 다문화가족 자녀 7세~24세 학령기 자녀
문의처 : 070-4203-6394
이미지:
https://liveinkorea.kr/mng/upload/se2/b862af0e-6a77-433e-9e01-0465cc3f5d2b.png",https://liveinkorea.kr/web/lay1/bbs/S1T10C27/A/4/view.do?article_seq=41742&cpage=1&rows=10&condition=&keyword=&area=A001&area_detail=D008&search_year=&search_month=&search_recruit_stat=02
성북구,,[성북구가족센터]2025년 결혼이민자 취업지원 참여자 모집,"서울시 거주 결혼이민자(F-5, F-6, 귀화)",접수기간 : 2025-03-26 ~ 2025-11-21,"1. 지원대상 : 서울시 거주 결혼이http://민자(F-5, F-6, 귀화)
2. 참여인원 : 10명
3. 지원내용 : 1대1 구직상담, 취업 정보제공
4. 진행기간 : 2025년 4월~12월(매월 1인 1회 진행)
5. 지원절차단계 : 일대일 구직상담 → 개인별 취업알선계획 수립 → 취업 정보제공 → 취업 알선
6. 신청링크 : 프로그램신청(
https://iii.ad/0d17db
), 구글폼(
https://forms.gle/CWtkYUjrUVM46J8g6
)
7. 문의전화 : 070-4917-2959
8. 협력기관 : 정릉여성새로일하기센터",,문의처 : 070-4917-2959,,https://liveinkorea.kr/mng/upload/se2/2d6d6fe0-9131-4ff2-8f41-b5bf8071f7f4.jpg,"[성북구] [성북구가족센터]2025년 결혼이민자 취업지원 참여자 모집
접수기간 : 2025-03-26 ~ 2025-11-21
대상 : 서울시 거주 결혼이민자(F-5, F-6, 귀화)
문의처 : 070-4917-2959
1. 지원대상 : 서울시 거주 결혼이http://민자(F-5, F-6, 귀화)
2. 참여인원 : 10명
3. 지원내용 : 1대1 구직상담, 취업 정보제공
4. 진행기간 : 2025년 4월~12월(매월 1인 1회 진행)
5. 지원절차단계 : 일대일 구직상담 → 개인별 취업알선계획 수립 → 취업 정보제공 → 취업 알선
6. 신청링크 : 프로그램신청(
https://iii.ad/0d17db
), 구글폼(
https://forms.gle/CWtkYUjrUVM46J8g6
)
7. 문의전화 : 070-4917-2959
8. 협력기관 : 정릉여성새로일하기센터
이미지:
https://liveinkorea.kr/mng/upload/se2/2d6d6fe0-9131-4ff2-8f41-b5bf8071f7f4.jpg",https://liveinkorea.kr/web/lay1/bbs/S1T10C27/A/4/view.do?article_seq=41556&cpage=1&rows=10&condition=&keyword=&area=A001&area_detail=D008&search_year=&search_month=&search_recruit_stat=02
성북구,,[결혼이민자역량강화지원] 2025년 1학기 한국어교육,결혼이민자,접수기간 : 2025-02-05 ~ 2025-10-31,"안녕하세요
성북구가족센터입니다
.
2025
년
1
학기 한국어 교육이
3
월부터 개강합니다
.
아래 클릭 후 작성하여 신청해 주시면 추후 상세 안내드립니다
. (2
월 중순
)
★
한국어교육 신청 링크주소
★
https://docs.google.com/forms/d/e/1FAIpQLScap5T12Zs5qms_92NP3pZ8rrWjCIaTTwH-RVLgoSAjh9KbtQ/viewform?usp=sharing
감사합니다
.
문의
070-4917-2958
성북구가족센터",,문의처 : 070-4917-2958,,https://liveinkorea.kr/mng/upload/se2/d073d4de-c031-47cd-8ffd-973dc150214d.png,"[성북구] [결혼이민자역량강화지원] 2025년 1학기 한국어교육
접수기간 : 2025-02-05 ~ 2025-10-31
대상 : 결혼이민자
문의처 : 070-4917-2958
안녕하세요
성북구가족센터입니다
.
2025
년
1
학기 한국어 교육이
3
월부터 개강합니다
.
아래 클릭 후 작성하여 신청해 주시면 추후 상세 안내드립니다
. (2
월 중순
)
★
한국어교육 신청 링크주소
★
https://docs.google.com/forms/d/e/1FAIpQLScap5T12Zs5qms_92NP3pZ8rrWjCIaTTwH-RVLgoSAjh9KbtQ/viewform?usp=sharing
감사합니다
.
문의
070-4917-2958
성북구가족센터
이미지:
https://liveinkorea.kr/mng/upload/se2/d073d4de-c031-47cd-8ffd-973dc150214d.png",https://liveinkorea.kr/web/lay1/bbs/S1T10C27/A/4/view.do?article_seq=41154&cpage=1&rows=10&condition=&keyword=&area=A001&area_detail=D008&search_year=&search_month=&search_recruit_stat=02
성북구,,2025년 성북구가족센터 통번역서비스 사업 안내,"다문화가족, 외국인, 난민가족 또는 다문화가족, 외국인, 난민가족 직간접으로 지원하는 개인또는 기관",접수기간 : 2025-01-01 ~ 2025-12-31,"대상:
다문화가족, 외국인 난민가족 또는 다문화가족, 외국인 난민가족을 직간접으로 지원하는 개인 또는 기관
지원언어:
베트남어, 몽골어
이용방법:
센터 내방, 전화, 메일, 팩스, 출장 등
이용시간:
월~금(09:00-18:00)/ 연중 상시",,문의처 : 02-3290-1660,,https://liveinkorea.kr/mng/upload/se2/828cea3d-f9de-4353-839b-5aceb6b6bfce.jpg,"[성북구] 2025년 성북구가족센터 통번역서비스 사업 안내
접수기간 : 2025-01-01 ~ 2025-12-31
대상 : 다문화가족, 외국인, 난민가족 또는 다문화가족, 외국인, 난민가족 직간접으로 지원하는 개인또는 기관
문의처 : 02-3290-1660
대상:
다문화가족, 외국인 난민가족 또는 다문화가족, 외국인 난민가족을 직간접으로 지원하는 개인 또는 기관
지원언어:
베트남어, 몽골어
이용방법:
센터 내방, 전화, 메일, 팩스, 출장 등
이용시간:
월~금(09:00-18:00)/ 연중 상시
이미지:
https://liveinkorea.kr/mng/upload/se2/828cea3d-f9de-4353-839b-5aceb6b6bfce.jpg",https://liveinkorea.kr/web/lay1/bbs/S1T10C27/A/4/view.do?article_seq=41061&cpage=1&rows=10&condition=&keyword=&area=A001&area_detail=D008&search_year=&search_month=&search_recruit_stat=02
강북구,,[진로설계지원사업] 중학교생활 꿀팁 대방출!,초등 5-6학년 자녀를 둔 30명 / 다문화가족 우선,접수기간 : 2025-10-02 ~ 2025-10-15,"초등 5~6학년 친구들 & 부모님을 위한 특별한 시간!
현직 중학교 선생님과 함께 중학교 생활 미리보기
교육내용
1) 중학교에 대한 이해 : 자유학기제 & 학교 운영
2) 중학교 공부 습관 구성 : 공부 습관 & 평가 방식
3) 가정과 학교의 역할
강사
강용철 선생님
(경희여자중학교 국어교사 / EBS 중학 국어강사)
일정
2025.10.19(일) 오전 10시~12시
강북구가족센터 4층 다목적 강당
대상
초등 5~6학년 자녀가 있는 가족 (30명)
다문화가족 우선 접수
보호자 동반 필수!
신청방법
신청기간: 10/2 ~ 10/15
구글폼 작성: https://forms.gle/xQphVzKi4kZrrWqPA
문의: 070-7462-1999",,문의처 : 070-7462-1999,,https://www.liveinkorea.kr/upload/editor/1d127394-8730-4579-b0ae-1c45cdb1e062.jpg,"[강북구] [진로설계지원사업] 중학교생활 꿀팁 대방출!
접수기간 : 2025-10-02 ~ 2025-10-15
대상 : 초등 5-6학년 자녀를 둔 30명 / 다문화가족 우선
문의처 : 070-7462-1999
초등 5~6학년 친구들 & 부모님을 위한 특별한 시간!
현직 중학교 선생님과 함께 중학교 생활 미리보기
교육내용
1) 중학교에 대한 이해 : 자유학기제 & 학교 운영
2) 중학교 공부 습관 구성 : 공부 습관 & 평가 방식
3) 가정과 학교의 역할
강사
강용철 선생님
(경희여자중학교 국어교사 / EBS 중학 국어강사)
일정
2025.10.19(일) 오전 10시~12시
강북구가족센터 4층 다목적 강당
대상
초등 5~6학년 자녀가 있는 가족 (30명)
다문화가족 우선 접수
보호자 동반 필수!
신청방법
신청기간: 10/2 ~ 10/15
구글폼 작성: https://forms.gle/xQphVzKi4kZrrWqPA
문의: 070-7462-1999
이미지:
https://www.liveinkorea.kr/upload/editor/1d127394-8730-4579-b0ae-1c45cdb1e062.jpg",https://liveinkorea.kr/web/lay1/bbs/S1T10C27/A/4/view.do?article_seq=163627&cpage=1&rows=10&condition=&keyword=&area=A001&area_detail=D009&search_year=&search_month=&search_recruit_stat=02
강북구,,[수유1동공동육아나눔터] 게임으로 배우는 우리 역사 이야기,초등 4-6학년 자녀,접수기간 : 2025-09-29 ~ 2025-10-15,"일시: 25.10.23. ~ 11.20. 매주 (목) 16:30-17:30
*3회차는 11/8(토) 외부에서 프로그램이 진행됩니다.
보호자 동반 필수이며, 입장권은 개별 구매임을 안내드립니다.
*외부 활동 참여여부 꼭 확인 부탁드립니다!
​
대상: 초등 4-6학년 자녀 10명
​
내용
1회기(10/23) 공룡으로 부터!
2회기(10/30) 게임과 함께하는 역사 알기: 보드게임
★3회기(11/8 토, 11:00-12:30) 이야기 속에 있는 궁궐: 현장 탐방★
4회기(11/13) 한국사 만들기: 만공 한국사 만들기
5회기(11/20) 내가 만든 역사 이야기
신청기간: 25.09.29.~ 10.15. (신청 확정자에게는 10/16(목) 문자가 발송됩니다)
신청방법: 가족센터 홈페이지 신청 (
https://m.site.naver.com/1S5Hc)
장소: 수유1동 공동육아나눔터 (수유로 12길 63 삼성쉐르빌 101동 2층)
문의: 070-4610-1655",,문의처 : 070-4610-1655,,https://www.liveinkorea.kr/upload/editor/8149ae15-5b9b-44da-9dc1-f36b4908f5fd.jpg,"[강북구] [수유1동공동육아나눔터] 게임으로 배우는 우리 역사 이야기
접수기간 : 2025-09-29 ~ 2025-10-15
대상 : 초등 4-6학년 자녀
문의처 : 070-4610-1655
일시: 25.10.23. ~ 11.20. 매주 (목) 16:30-17:30
*3회차는 11/8(토) 외부에서 프로그램이 진행됩니다.
보호자 동반 필수이며, 입장권은 개별 구매임을 안내드립니다.
*외부 활동 참여여부 꼭 확인 부탁드립니다!
​
대상: 초등 4-6학년 자녀 10명
​
내용
1회기(10/23) 공룡으로 부터!
2회기(10/30) 게임과 함께하는 역사 알기: 보드게임
★3회기(11/8 토, 11:00-12:30) 이야기 속에 있는 궁궐: 현장 탐방★
4회기(11/13) 한국사 만들기: 만공 한국사 만들기
5회기(11/20) 내가 만든 역사 이야기
신청기간: 25.09.29.~ 10.15. (신청 확정자에게는 10/16(목) 문자가 발송됩니다)
신청방법: 가족센터 홈페이지 신청 (
https://m.site.naver.com/1S5Hc)
장소: 수유1동 공동육아나눔터 (수유로 12길 63 삼성쉐르빌 101동 2층)
문의: 070-4610-1655
이미지:
https://www.liveinkorea.kr/upload/editor/8149ae15-5b9b-44da-9dc1-f36b4908f5fd.jpg",https://liveinkorea.kr/web/lay1/bbs/S1T10C27/A/4/view.do?article_seq=163526&cpage=1&rows=10&condition=&keyword=&area=A001&area_detail=D009&search_year=&search_month=&search_recruit_stat=02
강북구,,[아이돌봄서비스 알아보기] 서울형 틈새 3종&둘째출산 시 첫째아이 지원사업,강북구에 거주하는 만3개월~만12세 이하의 아동,접수기간 : 2025-01-01 ~ 2025-12-31,,,문의처 : 강북구가족센터 아이돌봄팀(내선번호 1번),,https://www.liveinkorea.kr/upload/editor/e96510a4-106d-411d-b26c-e28237c04452.jpg; https://www.liveinkorea.kr/upload/editor/72e9d066-e7fe-412d-83c4-c84c757ab97a.jpg; https://www.liveinkorea.kr/upload/editor/4e9fd035-2de4-47c6-9c0d-56c00fceb1ab.jpg; https://www.liveinkorea.kr/upload/editor/8821c6ba-0fbd-4dc2-a333-7dc320dc84ad.jpg; https://www.liveinkorea.kr/upload/editor/e9498879-1e57-4601-b613-fd8dd69fd113.jpg; https://www.liveinkorea.kr/upload/editor/14071a8e-663d-4aaa-b899-aed3010fb199.jpg; https://www.liveinkorea.kr/upload/editor/aad8d3c5-53b6-4410-8a77-eb49ea8c2a3c.jpg; https://www.liveinkorea.kr/upload/editor/8fff1f56-b237-42ac-8528-addede46e04d.jpg; https://www.liveinkorea.kr/upload/editor/2e0a9412-2e4d-48cf-81d2-e457ea29d8ba.jpg,"[강북구] [아이돌봄서비스 알아보기] 서울형 틈새 3종&둘째출산 시 첫째아이 지원사업
접수기간 : 2025-01-01 ~ 2025-12-31
대상 : 강북구에 거주하는 만3개월~만12세 이하의 아동
문의처 : 강북구가족센터 아이돌봄팀(내선번호 1번)
이미지:
https://www.liveinkorea.kr/upload/editor/e96510a4-106d-411d-b26c-e28237c04452.jpg
https://www.liveinkorea.kr/upload/editor/72e9d066-e7fe-412d-83c4-c84c757ab97a.jpg
https://www.liveinkorea.kr/upload/editor/4e9fd035-2de4-47c6-9c0d-56c00fceb1ab.jpg
https://www.liveinkorea.kr/upload/editor/8821c6ba-0fbd-4dc2-a333-7dc320dc84ad.jpg
https://www.liveinkorea.kr/upload/editor/e9498879-1e57-4601-b613-fd8dd69fd113.jpg
https://www.liveinkorea.kr/upload/editor/14071a8e-663d-4aaa-b899-aed3010fb199.jpg
https://www.liveinkorea.kr/upload/editor/aad8d3c5-53b6-4410-8a77-eb49ea8c2a3c.jpg
https://www.liveinkorea.kr/upload/editor/8fff1f56-b237-42ac-8528-addede46e04d.jpg
https://www.liveinkorea.kr/upload/editor/2e0a9412-2e4d-48cf-81d2-e457ea29d8ba.jpg",https://liveinkorea.kr/web/lay1/bbs/S1T10C27/A/4/view.do?article_seq=163200&cpage=1&rows=10&condition=&keyword=&area=A001&area_detail=D009&search_year=&search_month=&search_recruit_stat=02
강북구,,꿈동이 기초학습지원 [다배움] 2학기 추가모집,"강북구 내 다문화,외국인,중도입국 자녀 초2 - 초6",접수기간 : 2025-09-03 ~ 2025-11-30,"★꿈동이 기초학습지원
[다배움]
2학기 추가 모집을 합니다★
[다배움]은 자녀의 기초학습향상을 위해
맞춤형 수업
을 진행합니다.
시간표
초2 독서반
: 월요일 / 15:00 - 16:30 / 강북구가족센터 3층 강의실
초2 수학반
: 월요일 / 16:30 - 18:00 / 강북구가족센터 3층 강의실
고학년 한국어반(초3-초6)
: 수요일 / 15:00 -16:30 / 강북구가족센터 3층 강의실
고학년 수학반(초3-초6)
: 금요일 / 16:30 - 18:00 / 수유공동육아나눔터
신청링크 : https://forms.gle/5GBF1ou75zK78nWd7
문의사항 : 070-7462-2013",,문의처 : 070-7462-2013,,https://www.liveinkorea.kr/upload/editor/66530d95-9a43-4f6b-af04-4c8a079273fb.jpg,"[강북구] 꿈동이 기초학습지원 [다배움] 2학기 추가모집
접수기간 : 2025-09-03 ~ 2025-11-30
대상 : 강북구 내 다문화,외국인,중도입국 자녀 초2 - 초6
문의처 : 070-7462-2013
★꿈동이 기초학습지원
[다배움]
2학기 추가 모집을 합니다★
[다배움]은 자녀의 기초학습향상을 위해
맞춤형 수업
을 진행합니다.
시간표
초2 독서반
: 월요일 / 15:00 - 16:30 / 강북구가족센터 3층 강의실
초2 수학반
: 월요일 / 16:30 - 18:00 / 강북구가족센터 3층 강의실
고학년 한국어반(초3-초6)
: 수요일 / 15:00 -16:30 / 강북구가족센터 3층 강의실
고학년 수학반(초3-초6)
: 금요일 / 16:30 - 18:00 / 수유공동육아나눔터
신청링크 : https://forms.gle/5GBF1ou75zK78nWd7
문의사항 : 070-7462-2013
이미지:
https://www.liveinkorea.kr/upload/editor/66530d95-9a43-4f6b-af04-4c8a079273fb.jpg",https://liveinkorea.kr/web/lay1/bbs/S1T10C27/A/4/view.do?article_seq=163117&cpage=1&rows=10&condition=&keyword=&area=A001&area_detail=D009&search_year=&search_month=&search_recruit_stat=02
강북구,,다국어 통번역 서비스 제공 안내,강북구 내 통·번역이 필요한 개인 또는 기관,접수기간 : 2025-07-01 ~ 2025-10-31,"-
지원 언어
:
베트남어
,
중국어
,
일본어
,
태국어
-
이용 대상
:
강북구 내 통
·
번역이 필요한 개인 또는 기관
-
비용
:
무료
-
이용 기간
: 2025.07.01~2025.10.31/
월
~
금
, 9
시
~18
시
-
신청과정
:
서비스 신청
->
해당 언어 통역사 연계
->
서비스 진행
->
확인서 제출
-
참고 사항
:
+
통역
:
건당에 최대
1
시간 지원 가능
+
번역
:
건당에 최대
500
자 문서 지원 가능
+
법적책임 및 공증을 요구하는 요청은 서비스가 제한됩니다
+
본 서비스는 전문통역이 아닌 생활통역 수준으로 제공됩니다
.)
-
신청 및 방법
:
전화
(070-7462-1991)",,문의처 : 070-7462-1991,,https://liveinkorea.kr/mng/upload/se2/042f33a4-8297-4087-a0a7-71f91b282ea0.png,"[강북구] 다국어 통번역 서비스 제공 안내
접수기간 : 2025-07-01 ~ 2025-10-31
대상 : 강북구 내 통·번역이 필요한 개인 또는 기관
문의처 : 070-7462-1991
-
지원 언어
:
베트남어
,
중국어
,
일본어
,
태국어
-
이용 대상
:
강북구 내 통
·
번역이 필요한 개인 또는 기관
-
비용
:
무료
-
이용 기간
: 2025.07.01~2025.10.31/
월
~
금
, 9
시
~18
시
-
신청과정
:
서비스 신청
->
해당 언어 통역사 연계
->
서비스 진행
->
확인서 제출
-
참고 사항
:
+
통역
:
건당에 최대
1
시간 지원 가능
+
번역
:
건당에 최대
500
자 문서 지원 가능
+
법적책임 및 공증을 요구하는 요청은 서비스가 제한됩니다
+
본 서비스는 전문통역이 아닌 생활통역 수준으로 제공됩니다
.)
-
신청 및 방법
:
전화
(070-7462-1991)
이미지:
https://liveinkorea.kr/mng/upload/se2/042f33a4-8297-4087-a0a7-71f91b282ea0.png",https://liveinkorea.kr/web/lay1/bbs/S1T10C27/A/4/view.do?article_seq=42228&cpage=1&rows=10&condition=&keyword=&area=A001&area_detail=D009&search_year=&search_month=&search_recruit_stat=02
강북구,,[아이돌봄] 2025년 아이돌봄지원사업 안내,강북구 내 양육공백 가족,접수기간 : 2025-01-01 ~ 2025-12-31,"안녕하세요. 강북구 가족센터입니다.
2025년 아이돌봄지원사업은 일·가정 양립을 통한 가족 구성원 삶의 질 향상과
양육친화적인 사회환경 조성을 위하여
강북구 내 거주 중인 3개월 이상 ~ 12세 이하
아동에게 찾아가는 1:1 맞춤 돌봄 서비스를 제공하는 사업
입니다.
​
○ 영아종일제서비스
- 영아돌봄(건강, 영양, 위생, 교육 등)과 관련된 이유식 먹이기, 젖병소독, 기저귀 갈이, 목욕 등 전반적인 활동을
지원하는 서비스
○ 시간제서비스
- 기본형(부모가 올때까지 등·하원 및 준비물 보조, 임시보육, 놀이활동 등), 종합형(시간제 기본형+가사병행)
○ 질병감염아동 지원서비스
- 법정감염병 및 유행성질병 감염 아동의 병원 이용 동행 및 재가 돌봄 서비스 제공
○ 일시연계서비스
- 긴급하게 돌봄서비스가 필요한 경우, 아이돌보미에게 직접 요청하는 서비스
· 단기서비스 : 5일 전~4시간 전 신청 가능
· 긴급돌봄서비스 : 5일 전~2시간 전 신청 가능(이용 건당 3,000원 추가 비용 부담)

정부지원 아이돌봄 서비스의 틈새를 보완하고, 서울지역 양육수요에 맞는 질 높은 아이돌봄을 위한
서울형 아이돌봄 3종 서비스를 소개합니다.
○ 영아전담 아이돌봄
영아전담 아이돌보미가 가정에 방문하여 36개월 이하 영아 대상 돌봄 서비스 제공
○ 등하원 아이돌봄
어린이집, 유치원, 학교, 학원 등 등·하원이 필요한 아동 대상으로 등원 사전준비, 등·하원 동행, 하원 후 놀이활동 등 등하원 전담 아이돌보미가 서비스 제공
○ 병원동행 아이돌봄
비전염성 질병 또는 예방 접종 등 일시적으로 병원 방문을 해야할 때 아이돌보미가 방문하여 돌봄 서비스 제공

둘째 자녀 이상 출산으로 기존 자녀 돌봄에 공백이 발생한 가정을 대상으로 아이돌봄 서비스
본인 부담금을 줄여주는 사업
-지원 서비스
시간제(기본형, 종합형), 영아종일제, 질병감염서비스
-지원 내용
본인부담금의 90%~100%(중위소득별 차등), 가형 100%, 나~마형 90%
지원한도: 1가구당 100만원 범위 내 지원
-지원 기간
출산 후 1년 이내 서비스 매칭일로부터 90일 기간 내 지원(예산 소진시 종료)
-신청 방법
서울시 몽땅정보 만능키 (
https://umppa.seoul.go.kr)
-신청 기간
임신판정일로부터 신청(서비스 대기 기간이 있을 수 있음.)
​
​
★문의★
강북구 가족센터 아이돌봄팀 02-987-2567(내선번호 1번)
아이의 복지증진 뿐만 아니라 보호자의 일·가정 양립을 통해 가족 구성원 모두가 행복한
사회를 만들어 가고자 아이돌봄서비스가 함께합니다. 많은 이용과 관심 부탁드립니다!",,문의처 : 강북구 가족센터 아이돌봄팀 02-987-2567(내선번호 1번),,https://liveinkorea.kr/mng/upload/se2/d90cbf29-9a1f-4e80-bedf-faaf3fb2539d.jpg,"[강북구] [아이돌봄] 2025년 아이돌봄지원사업 안내
접수기간 : 2025-01-01 ~ 2025-12-31
대상 : 강북구 내 양육공백 가족
문의처 : 강북구 가족센터 아이돌봄팀 02-987-2567(내선번호 1번)
안녕하세요. 강북구 가족센터입니다.
2025년 아이돌봄지원사업은 일·가정 양립을 통한 가족 구성원 삶의 질 향상과
양육친화적인 사회환경 조성을 위하여
강북구 내 거주 중인 3개월 이상 ~ 12세 이하
아동에게 찾아가는 1:1 맞춤 돌봄 서비스를 제공하는 사업
입니다.
​
○ 영아종일제서비스
- 영아돌봄(건강, 영양, 위생, 교육 등)과 관련된 이유식 먹이기, 젖병소독, 기저귀 갈이, 목욕 등 전반적인 활동을
지원하는 서비스
○ 시간제서비스
- 기본형(부모가 올때까지 등·하원 및 준비물 보조, 임시보육, 놀이활동 등), 종합형(시간제 기본형+가사병행)
○ 질병감염아동 지원서비스
- 법정감염병 및 유행성질병 감염 아동의 병원 이용 동행 및 재가 돌봄 서비스 제공
○ 일시연계서비스
- 긴급하게 돌봄서비스가 필요한 경우, 아이돌보미에게 직접 요청하는 서비스
· 단기서비스 : 5일 전~4시간 전 신청 가능
· 긴급돌봄서비스 : 5일 전~2시간 전 신청 가능(이용 건당 3,000원 추가 비용 부담)

정부지원 아이돌봄 서비스의 틈새를 보완하고, 서울지역 양육수요에 맞는 질 높은 아이돌봄을 위한
서울형 아이돌봄 3종 서비스를 소개합니다.
○ 영아전담 아이돌봄
영아전담 아이돌보미가 가정에 방문하여 36개월 이하 영아 대상 돌봄 서비스 제공
○ 등하원 아이돌봄
어린이집, 유치원, 학교, 학원 등 등·하원이 필요한 아동 대상으로 등원 사전준비, 등·하원 동행, 하원 후 놀이활동 등 등하원 전담 아이돌보미가 서비스 제공
○ 병원동행 아이돌봄
비전염성 질병 또는 예방 접종 등 일시적으로 병원 방문을 해야할 때 아이돌보미가 방문하여 돌봄 서비스 제공

둘째 자녀 이상 출산으로 기존 자녀 돌봄에 공백이 발생한 가정을 대상으로 아이돌봄 서비스
본인 부담금을 줄여주는 사업
-지원 서비스
시간제(기본형, 종합형), 영아종일제, 질병감염서비스
-지원 내용
본인부담금의 90%~100%(중위소득별 차등), 가형 100%, 나~마형 90%
지원한도: 1가구당 100만원 범위 내 지원
-지원 기간
출산 후 1년 이내 서비스 매칭일로부터 90일 기간 내 지원(예산 소진시 종료)
-신청 방법
서울시 몽땅정보 만능키 (
https://umppa.seoul.go.kr)
-신청 기간
임신판정일로부터 신청(서비스 대기 기간이 있을 수 있음.)
​
​
★문의★
강북구 가족센터 아이돌봄팀 02-987-2567(내선번호 1번)
아이의 복지증진 뿐만 아니라 보호자의 일·가정 양립을 통해 가족 구성원 모두가 행복한
사회를 만들어 가고자 아이돌봄서비스가 함께합니다. 많은 이용과 관심 부탁드립니다!
이미지:
https://liveinkorea.kr/mng/upload/se2/d90cbf29-9a1f-4e80-bedf-faaf3fb2539d.jpg",https://liveinkorea.kr/web/lay1/bbs/S1T10C27/A/4/view.do?article_seq=41647&cpage=1&rows=10&condition=&keyword=&area=A001&area_detail=D009&search_year=&search_month=&search_recruit_stat=02
강북구,,[25년 둘째출산 시 첫째아이 돌봄 지원 사업 안내],강북구 아이돌봄서비스 이용가정,접수기간 : 2025-01-01 ~ 2025-12-31,"안녕하세요
.
강북구 가족센터입니다
.
25
년 둘째출산 시 첫째아이 돌봄 지원 사업은 둘째 이상 출산으로
12
세 이하 기존 자녀 돌봄에 공백이 발생한 가정 중 아이돌봄서비스 이용자를 대상으로 하는 정부 지원 사업입니다
.
★
지원 서비스
시간제
(
기본형
,
종합형
),
영아종일제
,
질병감염서비스
★
지원 내용
본인부담금의
90%~100%(
중위소득별 차등
),
가형
100%,
나
~
마형
90%
지원한도
: 1
가구당
100
만원 범위 내 지원
★
지원 기간
출산 후
1
년 이내 서비스 매칭일로부터
90
일 기간 내 지원
(
예산 소진시 종료
)
★
신청 방법
서울시 몽땅정보 만능키
(
https://umppa.seoul.go.kr)
★
신청 기간
임신판정일로부터 신청
(
서비스 대기 기간이 있을 수 있음
.)
★
지원 방법
본인부담금 결제 후 서비스기관에서 정산 후 환급
★
문의
강북구 가족센터 아이돌봄팀
02-987-2567(
내선번호
1
번
)
많은 이용과 관심 부탁드립니다
!",,문의처 : 02-987-2567 (내선번호 1번),,https://liveinkorea.kr/mng/upload/se2/61e5c47b-75d3-40ce-9a87-102816a26043.jpg,"[강북구] [25년 둘째출산 시 첫째아이 돌봄 지원 사업 안내]
접수기간 : 2025-01-01 ~ 2025-12-31
대상 : 강북구 아이돌봄서비스 이용가정
문의처 : 02-987-2567 (내선번호 1번)
안녕하세요
.
강북구 가족센터입니다
.
25
년 둘째출산 시 첫째아이 돌봄 지원 사업은 둘째 이상 출산으로
12
세 이하 기존 자녀 돌봄에 공백이 발생한 가정 중 아이돌봄서비스 이용자를 대상으로 하는 정부 지원 사업입니다
.
★
지원 서비스
시간제
(
기본형
,
종합형
),
영아종일제
,
질병감염서비스
★
지원 내용
본인부담금의
90%~100%(
중위소득별 차등
),
가형
100%,
나
~
마형
90%
지원한도
: 1
가구당
100
만원 범위 내 지원
★
지원 기간
출산 후
1
년 이내 서비스 매칭일로부터
90
일 기간 내 지원
(
예산 소진시 종료
)
★
신청 방법
서울시 몽땅정보 만능키
(
https://umppa.seoul.go.kr)
★
신청 기간
임신판정일로부터 신청
(
서비스 대기 기간이 있을 수 있음
.)
★
지원 방법
본인부담금 결제 후 서비스기관에서 정산 후 환급
★
문의
강북구 가족센터 아이돌봄팀
02-987-2567(
내선번호
1
번
)
많은 이용과 관심 부탁드립니다
!
이미지:
https://liveinkorea.kr/mng/upload/se2/61e5c47b-75d3-40ce-9a87-102816a26043.jpg",https://liveinkorea.kr/web/lay1/bbs/S1T10C27/A/4/view.do?article_seq=41481&cpage=1&rows=10&condition=&keyword=&area=A001&area_detail=D009&search_year=&search_month=&search_recruit_stat=02
강북구,,[결혼이민자 한국어교육] 2025년 한국어교육 일정 안내,결혼이민자 등,접수기간 : 2025-02-01 ~ 2025-12-31,"- [2025
년 한국어교육
]
- [2025
年 韩国语教育
]
- [Giáo dục tiếng Hàn năm 2025]
- [2025
он солонгос хэлний сургалт
]
안녕하세요
.
강북구가족센터입니다
.
2025
년 결혼이민자 역랑강화지원사업

전체 일정을 안내합니다
.
-
신청방법 및 문의
:
전화접수 후 구글 신청서 작성
(02-987-2567,
내선
3
번 한국어교육 담당자
)",,"문의처 : 강북구가족센터 한국어교육 담당자(02-987-2567, 내선 3번)",,https://liveinkorea.kr/mng/upload/se2/65043028-564f-41d3-873e-02b65255cab0.png; https://liveinkorea.kr/mng/upload/se2/2a794adb-6c70-4695-adc7-28c9b8d01461.png; https://liveinkorea.kr/mng/upload/se2/facea78d-0b4e-49d4-84b1-61d52dc3504e.png; https://liveinkorea.kr/mng/upload/se2/09561c4e-b1da-40bb-8674-17ed51ecff08.png; https://liveinkorea.kr/mng/upload/se2/449d8670-9b6f-4706-936c-ff7b640dbdae.png,"[강북구] [결혼이민자 한국어교육] 2025년 한국어교육 일정 안내
접수기간 : 2025-02-01 ~ 2025-12-31
대상 : 결혼이민자 등
문의처 : 강북구가족센터 한국어교육 담당자(02-987-2567, 내선 3번)
- [2025
년 한국어교육
]
- [2025
年 韩国语教育
]
- [Giáo dục tiếng Hàn năm 2025]
- [2025
он солонгос хэлний сургалт
]
안녕하세요
.
강북구가족센터입니다
.
2025
년 결혼이민자 역랑강화지원사업

전체 일정을 안내합니다
.
-
신청방법 및 문의
:
전화접수 후 구글 신청서 작성
(02-987-2567,
내선
3
번 한국어교육 담당자
)
이미지:
https://liveinkorea.kr/mng/upload/se2/65043028-564f-41d3-873e-02b65255cab0.png
https://liveinkorea.kr/mng/upload/se2/2a794adb-6c70-4695-adc7-28c9b8d01461.png
https://liveinkorea.kr/mng/upload/se2/facea78d-0b4e-49d4-84b1-61d52dc3504e.png
https://liveinkorea.kr/mng/upload/se2/09561c4e-b1da-40bb-8674-17ed51ecff08.png
https://liveinkorea.kr/mng/upload/se2/449d8670-9b6f-4706-936c-ff7b640dbdae.png",https://liveinkorea.kr/web/lay1/bbs/S1T10C27/A/4/view.do?article_seq=41195&cpage=1&rows=10&condition=&keyword=&area=A001&area_detail=D009&search_year=&search_month=&search_recruit_stat=02
강북구,,2025 다문화가족 방문교육 서비스 이용자 모집,"다문화가족(결혼이민자, 중도입국자녀, 결혼이민자)",접수기간 : 2025-01-01 ~ 2025-12-31,"2025
다문화가족 방문교육 서비스 이용자 모집
- [
다문화가족 방문교육서비스 이용자 모집 안내
]
- [
多文化家庭访问教育
]
- [Giáo dục tại nhà cho gia đình đa văn hóa]
- [
эрээр заах сургалт
]
■
한국어교육
-
대상
:
결혼이민자
,
중도입국자녀
-
기간
:
약
12
개월
(
총
80
회기
)
■
부모교육
-
대상
:
결혼이민자
-
기간
:
약
6
개월
(
총
40
회기
)
■
자녀생활서비스
-
대상
:
다문화자녀
,
중도입국자녀
-
기간
:
약
12
개월
(
총
80
회기
)
■
신청 및 문의
-
이용료
:
무료
~
회당 최대
9,220
원
(
소득판정 후 결정
)
-
전화
: 02-987-2567 (
내선
3
번
,
방문교육담당자
)",,문의처 : 강북구가족센터 방문교육 담당자(02-987-2567),,https://liveinkorea.kr/mng/upload/se2/d07ad524-ce1c-4bac-b919-ba281b2c4472.png; https://liveinkorea.kr/mng/upload/se2/2f50b3b9-5219-40e5-8aad-d5e8f812fd67.png; https://liveinkorea.kr/mng/upload/se2/e9987c77-edf6-4f0b-83e3-c840668dc775.png; https://liveinkorea.kr/mng/upload/se2/9e945904-cf2d-4870-a320-99b7711b4ebd.png,"[강북구] 2025 다문화가족 방문교육 서비스 이용자 모집
접수기간 : 2025-01-01 ~ 2025-12-31
대상 : 다문화가족(결혼이민자, 중도입국자녀, 결혼이민자)
문의처 : 강북구가족센터 방문교육 담당자(02-987-2567)
2025
다문화가족 방문교육 서비스 이용자 모집
- [
다문화가족 방문교육서비스 이용자 모집 안내
]
- [
多文化家庭访问教育
]
- [Giáo dục tại nhà cho gia đình đa văn hóa]
- [
эрээр заах сургалт
]
■
한국어교육
-
대상
:
결혼이민자
,
중도입국자녀
-
기간
:
약
12
개월
(
총
80
회기
)
■
부모교육
-
대상
:
결혼이민자
-
기간
:
약
6
개월
(
총
40
회기
)
■
자녀생활서비스
-
대상
:
다문화자녀
,
중도입국자녀
-
기간
:
약
12
개월
(
총
80
회기
)
■
신청 및 문의
-
이용료
:
무료
~
회당 최대
9,220
원
(
소득판정 후 결정
)
-
전화
: 02-987-2567 (
내선
3
번
,
방문교육담당자
)
이미지:
https://liveinkorea.kr/mng/upload/se2/d07ad524-ce1c-4bac-b919-ba281b2c4472.png
https://liveinkorea.kr/mng/upload/se2/2f50b3b9-5219-40e5-8aad-d5e8f812fd67.png
https://liveinkorea.kr/mng/upload/se2/e9987c77-edf6-4f0b-83e3-c840668dc775.png
https://liveinkorea.kr/mng/upload/se2/9e945904-cf2d-4870-a320-99b7711b4ebd.png",https://liveinkorea.kr/web/lay1/bbs/S1T10C27/A/4/view.do?article_seq=41194&cpage=1&rows=10&condition=&keyword=&area=A001&area_detail=D009&search_year=&search_month=&search_recruit_stat=02
강북구,,2025년 통번역서비스사업 이용 대상자 모집,"다문화가족, 외국인, 난민가족 및 관련 기관",접수기간 : 2025-01-02 ~ 2025-12-31,"강북구 가족센터에서는 한국어가 서툰 결혼이민자
·
외국인을 위하여 베트남어 통번역서비스
(
다른 언어는 타센터 연계 가능
)
를 무료로 제공하오니 많은 참여해주시기 바랍니다
.
-
지원 언어
:
베트남어
(
베트남어 외의 다른 언어는 타센터 연계
)
-
이용 대상
:
다문화가족
,
외국인
·
난민가족 및 관련 기관
-
이용 기간
: 2025
년
1
월
~ 12
월
-
지원 내용
:
통역
,
번역
,
정보제공
-
이용 방법
:
방문
,
전화
,
이메일
,
출장
(
외부
)
등
-
문의
: 02) 987-2567 (
내선
3
번
,
통번역지원사
)
[한국어 안내지]
[베트남어 안내지]",,"문의처 : 02-987-2567(내선번호 3번, 통번역지원사)",,https://liveinkorea.kr/mng/upload/se2/f14ab9c0-266d-49d6-9b7b-eb01885692b2.png; https://liveinkorea.kr/mng/upload/se2/bbfcc602-2331-414d-9ced-73741c1ad6e0.png,"[강북구] 2025년 통번역서비스사업 이용 대상자 모집
접수기간 : 2025-01-02 ~ 2025-12-31
대상 : 다문화가족, 외국인, 난민가족 및 관련 기관
문의처 : 02-987-2567(내선번호 3번, 통번역지원사)
강북구 가족센터에서는 한국어가 서툰 결혼이민자
·
외국인을 위하여 베트남어 통번역서비스
(
다른 언어는 타센터 연계 가능
)
를 무료로 제공하오니 많은 참여해주시기 바랍니다
.
-
지원 언어
:
베트남어
(
베트남어 외의 다른 언어는 타센터 연계
)
-
이용 대상
:
다문화가족
,
외국인
·
난민가족 및 관련 기관
-
이용 기간
: 2025
년
1
월
~ 12
월
-
지원 내용
:
통역
,
번역
,
정보제공
-
이용 방법
:
방문
,
전화
,
이메일
,
출장
(
외부
)
등
-
문의
: 02) 987-2567 (
내선
3
번
,
통번역지원사
)
[한국어 안내지]
[베트남어 안내지]
이미지:
https://liveinkorea.kr/mng/upload/se2/f14ab9c0-266d-49d6-9b7b-eb01885692b2.png
https://liveinkorea.kr/mng/upload/se2/bbfcc602-2331-414d-9ced-73741c1ad6e0.png",https://liveinkorea.kr/web/lay1/bbs/S1T10C27/A/4/view.do?article_seq=41168&cpage=1&rows=10&condition=&keyword=&area=A001&area_detail=D009&search_year=&search_month=&search_recruit_stat=02
서대문구,,2025년 서대문구 다문화가족 초기정착지원사업 멘티 모집,"1. 서대문구 거주 입국 5년 이하의 결혼이민자, 외국인",접수기간 : 2025-03-24 ~ 2025-11-30,많은 참석 부탁드립니다.,,문의처 : 070-4905-0152,,https://liveinkorea.kr/mng/upload/se2/ba11258d-3014-4954-b20e-2bab4d39012d.png; https://liveinkorea.kr/mng/upload/se2/4573db7a-621a-469a-8924-1153817b7de9.png; https://liveinkorea.kr/mng/upload/se2/c415c94b-7e09-41cb-aad3-be2bd0fee9e0.png,"[서대문구] 2025년 서대문구 다문화가족 초기정착지원사업 멘티 모집
접수기간 : 2025-03-24 ~ 2025-11-30
대상 : 1. 서대문구 거주 입국 5년 이하의 결혼이민자, 외국인
문의처 : 070-4905-0152
많은 참석 부탁드립니다.
이미지:
https://liveinkorea.kr/mng/upload/se2/ba11258d-3014-4954-b20e-2bab4d39012d.png
https://liveinkorea.kr/mng/upload/se2/4573db7a-621a-469a-8924-1153817b7de9.png
https://liveinkorea.kr/mng/upload/se2/c415c94b-7e09-41cb-aad3-be2bd0fee9e0.png",https://liveinkorea.kr/web/lay1/bbs/S1T10C27/A/4/view.do?article_seq=41522&cpage=1&rows=10&condition=&keyword=&area=A001&area_detail=D013&search_year=&search_month=&search_recruit_stat=02
서대문구,,2025년 서대문구 가족센터 베트남어 통번역서비스이용안내,"다문화가족, 외국인·난민가족, 유관기관",접수기간 : 2025-01-01 ~ 2025-12-31,많은 신청해주세요~,,문의처 : 070-4905-0152,,https://liveinkorea.kr/mng/upload/se2/a8e5c518-1880-4cdc-8c93-a857b8f03208.png; https://liveinkorea.kr/mng/upload/se2/a48c3c32-e4ad-4c5d-9b97-ac4e53709098.png,"[서대문구] 2025년 서대문구 가족센터 베트남어 통번역서비스이용안내
접수기간 : 2025-01-01 ~ 2025-12-31
대상 : 다문화가족, 외국인·난민가족, 유관기관
문의처 : 070-4905-0152
많은 신청해주세요~
이미지:
https://liveinkorea.kr/mng/upload/se2/a8e5c518-1880-4cdc-8c93-a857b8f03208.png
https://liveinkorea.kr/mng/upload/se2/a48c3c32-e4ad-4c5d-9b97-ac4e53709098.png",https://liveinkorea.kr/web/lay1/bbs/S1T10C27/A/4/view.do?article_seq=41197&cpage=1&rows=10&condition=&keyword=&area=A001&area_detail=D013&search_year=&search_month=&search_recruit_stat=02
마포구,,2025 결혼이민자 취업교육 '정리수납 전문가 2급' 양성교육 참여자 모집,결혼이민자,접수기간 : 2025-09-16 ~ 2026-01-13,"2025
결혼이민자 취업교육
-
『
정리수납 전문가
2
급
』
양성교육 참여자 모집
-
실생활에도 유용하고
,
자격증도 취득할 수 있는
‘
정리수납 전문가
2
급
’
양성과정에 결혼이민자 여러분을 초대합니다
!
●
교육 대상
:
결혼이민자
(
국적 무관
)
●
교육 내용
:
정리수납 이론 및 실습
,
자격증 시험 준비
●
교육 기간
: 2025
년
10
월
16
일
(
목
) ~ 11
월
6
일
(
목
),
총
7
회
/
매주 월
,
목
14
시
~17
시
(
주
2
회
)
●
교육 장소
:
마포구가족센터 교육실
2
●
교육 비용
:
무료
(
교재 및 시험 응시비는 참여자 부담
)
●
신청 기간
: 2025
년
9
월
16
일
(
화
) ~ 10
월
13
일
(
월
)
●
신청 방법
:
링크접속
(https://forms.gle/ENbo2G3VEH2krdr58)
또는
QR
코드 신청
⛤
실생활에 유용한 정리 수납 기술을 배우고
,
자격증까지 취득할 수 있습니다
!
이번 기회 놓치지 마세요 :)
☎
문의
:
가족교육팀
070-7467-0734",,문의처 : 가족교육팀 070-7467-0734,,https://www.liveinkorea.kr/upload/editor/54a38aaf-3d0c-4e45-9255-426b4a438695.png,"[마포구] 2025 결혼이민자 취업교육 '정리수납 전문가 2급' 양성교육 참여자 모집
접수기간 : 2025-09-16 ~ 2026-01-13
대상 : 결혼이민자
문의처 : 가족교육팀 070-7467-0734
2025
결혼이민자 취업교육
-
『
정리수납 전문가
2
급
』
양성교육 참여자 모집
-
실생활에도 유용하고
,
자격증도 취득할 수 있는
‘
정리수납 전문가
2
급
’
양성과정에 결혼이민자 여러분을 초대합니다
!
●
교육 대상
:
결혼이민자
(
국적 무관
)
●
교육 내용
:
정리수납 이론 및 실습
,
자격증 시험 준비
●
교육 기간
: 2025
년
10
월
16
일
(
목
) ~ 11
월
6
일
(
목
),
총
7
회
/
매주 월
,
목
14
시
~17
시
(
주
2
회
)
●
교육 장소
:
마포구가족센터 교육실
2
●
교육 비용
:
무료
(
교재 및 시험 응시비는 참여자 부담
)
●
신청 기간
: 2025
년
9
월
16
일
(
화
) ~ 10
월
13
일
(
월
)
●
신청 방법
:
링크접속
(https://forms.gle/ENbo2G3VEH2krdr58)
또는
QR
코드 신청
⛤
실생활에 유용한 정리 수납 기술을 배우고
,
자격증까지 취득할 수 있습니다
!
이번 기회 놓치지 마세요 :)
☎
문의
:
가족교육팀
070-7467-0734
이미지:
https://www.liveinkorea.kr/upload/editor/54a38aaf-3d0c-4e45-9255-426b4a438695.png",https://liveinkorea.kr/web/lay1/bbs/S1T10C27/A/4/view.do?article_seq=163331&cpage=1&rows=10&condition=&keyword=&area=A001&area_detail=D014&search_year=&search_month=&search_recruit_stat=02
마포구,,2025 다배움 3기 학생 모집,"다문화가족, 외국인가족 아동(6세(2020년생)~10세(2016년생)",접수기간 : 2025-07-07 ~ 2025-10-31,"2025 다배움 사업 3기 학생 모집
★한국어 반, 6세 반 신설
○사업대상  : 다문화가족, 외국인가족 아동 (10세(2016년생)~6세(2020년생))
○사업장소  : 마포구가족센터 교육실 3
○사업일정  : 2025년 9월 10일(수) ~ 2025년 11월 28일(금) (각 반 당 10주 수업)
○사업내용  : 한국어교육과 한글,수학 기초학습 지원 (주 1 회)
○신청방법  : 인터넷접수(각 반 6~8명 모집)
※최초 참여자 및 한국어수업 신청자는 진단평가를 위해 방문 필요
○신청기간  : 2025.07.07부터 모집
○문 의  : 가족교육팀 다배움사업 담당자070-7467-0757)
○기 타 :
-참가비 및 준비물 없습니다.
-학부모 설문 및 상담, 만족도 조사 필수 참여
-3회 이상 결석 시 이후 다배움 참여에 불이익이 있을 수 있습니다.
-12월 4일(목) 전체 수료식 진행
○신청서작성
https://forms.gle/fQNhZwjUrKEpCNoZ8",,"문의처 : 가족교육팀,070-7467-0757",,https://liveinkorea.kr/mng/upload/se2/7a9aa73e-e382-46a5-8b11-06b2f715908a.jpg,"[마포구] 2025 다배움 3기 학생 모집
접수기간 : 2025-07-07 ~ 2025-10-31
대상 : 다문화가족, 외국인가족 아동(6세(2020년생)~10세(2016년생)
문의처 : 가족교육팀,070-7467-0757
2025 다배움 사업 3기 학생 모집
★한국어 반, 6세 반 신설
○사업대상  : 다문화가족, 외국인가족 아동 (10세(2016년생)~6세(2020년생))
○사업장소  : 마포구가족센터 교육실 3
○사업일정  : 2025년 9월 10일(수) ~ 2025년 11월 28일(금) (각 반 당 10주 수업)
○사업내용  : 한국어교육과 한글,수학 기초학습 지원 (주 1 회)
○신청방법  : 인터넷접수(각 반 6~8명 모집)
※최초 참여자 및 한국어수업 신청자는 진단평가를 위해 방문 필요
○신청기간  : 2025.07.07부터 모집
○문 의  : 가족교육팀 다배움사업 담당자070-7467-0757)
○기 타 :
-참가비 및 준비물 없습니다.
-학부모 설문 및 상담, 만족도 조사 필수 참여
-3회 이상 결석 시 이후 다배움 참여에 불이익이 있을 수 있습니다.
-12월 4일(목) 전체 수료식 진행
○신청서작성
https://forms.gle/fQNhZwjUrKEpCNoZ8
이미지:
https://liveinkorea.kr/mng/upload/se2/7a9aa73e-e382-46a5-8b11-06b2f715908a.jpg",https://liveinkorea.kr/web/lay1/bbs/S1T10C27/A/4/view.do?article_seq=42240&cpage=1&rows=10&condition=&keyword=&area=A001&area_detail=D014&search_year=&search_month=&search_recruit_stat=02
마포구,,2025 결혼이민자 통번역 서비스,"다문화가족, 외국인·난민가족 또는 다문화가족, 외국인·난민가족을 직·간접적으로 지원하는 개인 또는 기관",접수기간 : 2025-01-01 ~ 2025-12-31,,,문의처 : 070-7467-0742,,https://liveinkorea.kr/mng/upload/se2/b7abe1b4-350f-423d-8e4e-0539ec839889.png; https://liveinkorea.kr/mng/upload/se2/9aecc1e5-7451-4157-9bfa-3ec55846a2ce.png,"[마포구] 2025 결혼이민자 통번역 서비스
접수기간 : 2025-01-01 ~ 2025-12-31
대상 : 다문화가족, 외국인·난민가족 또는 다문화가족, 외국인·난민가족을 직·간접적으로 지원하는 개인 또는 기관
문의처 : 070-7467-0742
이미지:
https://liveinkorea.kr/mng/upload/se2/b7abe1b4-350f-423d-8e4e-0539ec839889.png
https://liveinkorea.kr/mng/upload/se2/9aecc1e5-7451-4157-9bfa-3ec55846a2ce.png",https://liveinkorea.kr/web/lay1/bbs/S1T10C27/A/4/view.do?article_seq=41328&cpage=1&rows=10&condition=&keyword=&area=A001&area_detail=D014&search_year=&search_month=&search_recruit_stat=02
마포구,,2025 사례관리,마포구에 거주하고 있는 취약위기가족,접수기간 : 2025-01-01 ~ 2025-12-31,,,문의처 : 070-7467-0743,,https://liveinkorea.kr/mng/upload/se2/2a3478a5-67ca-464f-81af-692c7e9005e0.jpg,"[마포구] 2025 사례관리
접수기간 : 2025-01-01 ~ 2025-12-31
대상 : 마포구에 거주하고 있는 취약위기가족
문의처 : 070-7467-0743
이미지:
https://liveinkorea.kr/mng/upload/se2/2a3478a5-67ca-464f-81af-692c7e9005e0.jpg",https://liveinkorea.kr/web/lay1/bbs/S1T10C27/A/4/view.do?article_seq=41150&cpage=1&rows=10&condition=&keyword=&area=A001&area_detail=D014&search_year=&search_month=&search_recruit_stat=02
양천구,,[양천구 가족센터] 다문화 자녀 언어발달 지원사업 모집,언어발달에 어려움이 있거나 언어교육이 필요한 만 12세 이하 다문화가족 자녀,접수기간 : 2025-07-17 ~ 2025-11-30,"다문화 가족 자녀 대상으로 언어발달 교육 지원 합니다!
많은 관심 부탁드립니다!",,문의처 : 070-7433-3412,,https://liveinkorea.kr/mng/upload/se2/4774ebd3-1a2c-4476-af06-91daf13a5a48.jpg,"[양천구] [양천구 가족센터] 다문화 자녀 언어발달 지원사업 모집
접수기간 : 2025-07-17 ~ 2025-11-30
대상 : 언어발달에 어려움이 있거나 언어교육이 필요한 만 12세 이하 다문화가족 자녀
문의처 : 070-7433-3412
다문화 가족 자녀 대상으로 언어발달 교육 지원 합니다!
많은 관심 부탁드립니다!
이미지:
https://liveinkorea.kr/mng/upload/se2/4774ebd3-1a2c-4476-af06-91daf13a5a48.jpg",https://liveinkorea.kr/web/lay1/bbs/S1T10C27/A/4/view.do?article_seq=162202&cpage=1&rows=10&condition=&keyword=&area=A001&area_detail=D015&search_year=&search_month=&search_recruit_stat=02
영등포구,,★10월 직업체험(제과제빵사) 참여자 모집★,한국인 배우자를 둔 결혼이민자,접수기간 : 2025-10-13 ~ 2025-10-29,"★영등포구 다문화 취업학교 10월 월별 직업체험(제과제빵사) 참여자 모집★
영등포구가족센터에서 제과제빵사 직업체험을 진행합니다.
관심 있으신 분들의 많은 신청 부탁드립니다~

○일 시: 10월 30일(목) 10-12시
○장 소: 영등포구가족센터 4층 배움교실2
○대 상: 한국인 배우자를 둔 결혼이민자
○내 용: 제과제빵사 직업소개 및 직업체험(노오븐 쌀 샤인머스켓 생크림 케이크 만들기)
○비 용: 무료
신청방법: 구글폼 작성 > 홈페이지 신청 > 담당자 전화 안내 > 최종선정
(구글폼과 홈페이지 두개 모두 신청하셔야 참여 가능합니다!)
구글폼 링크:
https://forms.gle/uGMKFgq4QrjKiwr3A
홈페이지 링크:
https://ydpfc.familynet.or.kr/web/lay1/program/S1T304C450/recruitReceipt/view.do?seq=232273
문의: 사업2팀 02-846-54352/내선2번",,문의처 : 사업2팀 02-846-5432(내선2번),,https://www.liveinkorea.kr/upload/editor/6450e69f-67cc-4e96-ab37-89765dbf20a1.jpg,"[영등포구] ★10월 직업체험(제과제빵사) 참여자 모집★
접수기간 : 2025-10-13 ~ 2025-10-29
대상 : 한국인 배우자를 둔 결혼이민자
문의처 : 사업2팀 02-846-5432(내선2번)
★영등포구 다문화 취업학교 10월 월별 직업체험(제과제빵사) 참여자 모집★
영등포구가족센터에서 제과제빵사 직업체험을 진행합니다.
관심 있으신 분들의 많은 신청 부탁드립니다~

○일 시: 10월 30일(목) 10-12시
○장 소: 영등포구가족센터 4층 배움교실2
○대 상: 한국인 배우자를 둔 결혼이민자
○내 용: 제과제빵사 직업소개 및 직업체험(노오븐 쌀 샤인머스켓 생크림 케이크 만들기)
○비 용: 무료
신청방법: 구글폼 작성 > 홈페이지 신청 > 담당자 전화 안내 > 최종선정
(구글폼과 홈페이지 두개 모두 신청하셔야 참여 가능합니다!)
구글폼 링크:
https://forms.gle/uGMKFgq4QrjKiwr3A
홈페이지 링크:
https://ydpfc.familynet.or.kr/web/lay1/program/S1T304C450/recruitReceipt/view.do?seq=232273
문의: 사업2팀 02-846-54352/내선2번
이미지:
https://www.liveinkorea.kr/upload/editor/6450e69f-67cc-4e96-ab37-89765dbf20a1.jpg",https://liveinkorea.kr/web/lay1/bbs/S1T10C27/A/4/view.do?article_seq=163691&cpage=1&rows=10&condition=&keyword=&area=A001&area_detail=D019&search_year=&search_month=&search_recruit_stat=02
영등포구,,기초학습지원 두리클래스 2학기,다문화 및 외국인 7세~10세,접수기간 : 2025-08-26 ~ 2025-12-11,"프로그램 신청 바로가기
https://ydpfc.familynet.or.kr/web/lay1/program/S1T304C450/recruitReceipt/view.do?seq=226244",,문의처 : 02-846-5432,,https://liveinkorea.kr/upload/editor/664bcf4e-0e1b-43ac-93f6-485ee359eba7.jpg,"[영등포구] 기초학습지원 두리클래스 2학기
접수기간 : 2025-08-26 ~ 2025-12-11
대상 : 다문화 및 외국인 7세~10세
문의처 : 02-846-5432
프로그램 신청 바로가기
https://ydpfc.familynet.or.kr/web/lay1/program/S1T304C450/recruitReceipt/view.do?seq=226244
이미지:
https://liveinkorea.kr/upload/editor/664bcf4e-0e1b-43ac-93f6-485ee359eba7.jpg",https://liveinkorea.kr/web/lay1/bbs/S1T10C27/A/4/view.do?article_seq=163028&cpage=1&rows=10&condition=&keyword=&area=A001&area_detail=D019&search_year=&search_month=&search_recruit_stat=02
서초구,,[서초구] 2025 서초 가족 걷기 축제,서초구 거주,접수기간 : 2025-09-22 ~ 2025-10-31,"[2025
서초 가족 걷기 축제
]
O
모집기간
: 2025. 9. 22.(
월
)~
선착순 모집
O
참여대상
:
서초구 거주
130
가족
O
행사일시
: 2025. 11. 1.(
토
) 10:00~12:00
O
집결지
:
양재천 영동
2
교 하부 특설무대
O
행사내용
:
걷기
(
약
3km)+
오리엔티어링 등 체험 부스 활동
O
신청방법
:
서초여성가족플라자 방배센터 홈페이지
* 신청 링크
https://www.bbcenter.or.kr/sub02/sub0201_detail.do?pgcode=01701&year=2025&tmp_prg_idx=2027",,문의처 : 02-522-0242/02-6919-9747,,https://liveinkorea.kr/upload/editor/b4151d6b-dfe5-4252-8c46-ca0b500b32ae.jpg,"[서초구] [서초구] 2025 서초 가족 걷기 축제
접수기간 : 2025-09-22 ~ 2025-10-31
대상 : 서초구 거주
문의처 : 02-522-0242/02-6919-9747
[2025
서초 가족 걷기 축제
]
O
모집기간
: 2025. 9. 22.(
월
)~
선착순 모집
O
참여대상
:
서초구 거주
130
가족
O
행사일시
: 2025. 11. 1.(
토
) 10:00~12:00
O
집결지
:
양재천 영동
2
교 하부 특설무대
O
행사내용
:
걷기
(
약
3km)+
오리엔티어링 등 체험 부스 활동
O
신청방법
:
서초여성가족플라자 방배센터 홈페이지
* 신청 링크
https://www.bbcenter.or.kr/sub02/sub0201_detail.do?pgcode=01701&year=2025&tmp_prg_idx=2027
이미지:
https://liveinkorea.kr/upload/editor/b4151d6b-dfe5-4252-8c46-ca0b500b32ae.jpg",https://liveinkorea.kr/web/lay1/bbs/S1T10C27/A/4/view.do?article_seq=163548&cpage=1&rows=10&condition=&keyword=&area=A001&area_detail=D022&search_year=&search_month=&search_recruit_stat=02
서초구,,[서초구] 하반기 한국어 교육(온라인),결혼이민자 및 외국인 등,접수기간 : 2025-07-23 ~ 2025-12-04,"하반기 한국어 교육 수강생 모집 (8/18 시작)
-초급‧중급‧토픽반
-

[1] 구글 신청서 작성▼
(필수)
https://forms.gle/Kp5gW6C6BB2L5Ur1A
[2] 센터 홈페이지 신청▼
(필수)
-초급반:
https://seocho.familynet.or.kr/web/lay1/program/S1T304C450/recruitReceipt/view.do?seq=221019
-중급반:
https://seocho.familynet.or.kr/web/lay1/program/S1T304C450/recruitReceipt/view.do?seq=221021
-토픽 읽기반:
https://seocho.familynet.or.kr/web/lay1/program/S1T304C450/recruitReceipt/view.do?seq=194298
-토픽 듣기반:
https://seocho.familynet.or.kr/web/lay1/program/S1T304C450/recruitReceipt/view.do?seq=194303
-토픽 쓰기반:
https://seocho.familynet.or.kr/web/lay1/program/S1T304C450/recruitReceipt/view.do?seq=194305
* [1], [2]번 모두 꼭 진행해주세요!
* 토픽반은 3개 모두 신청해주세요!
문의 가족사업2팀 070-7456-2415",,문의처 : 가족사업2팀 070-7456-2415,,https://liveinkorea.kr/mng/upload/se2/45d83d1c-9108-4097-8b0c-5f7f0a16a677.jpg,"[서초구] [서초구] 하반기 한국어 교육(온라인)
접수기간 : 2025-07-23 ~ 2025-12-04
대상 : 결혼이민자 및 외국인 등
문의처 : 가족사업2팀 070-7456-2415
하반기 한국어 교육 수강생 모집 (8/18 시작)
-초급‧중급‧토픽반
-

[1] 구글 신청서 작성▼
(필수)
https://forms.gle/Kp5gW6C6BB2L5Ur1A
[2] 센터 홈페이지 신청▼
(필수)
-초급반:
https://seocho.familynet.or.kr/web/lay1/program/S1T304C450/recruitReceipt/view.do?seq=221019
-중급반:
https://seocho.familynet.or.kr/web/lay1/program/S1T304C450/recruitReceipt/view.do?seq=221021
-토픽 읽기반:
https://seocho.familynet.or.kr/web/lay1/program/S1T304C450/recruitReceipt/view.do?seq=194298
-토픽 듣기반:
https://seocho.familynet.or.kr/web/lay1/program/S1T304C450/recruitReceipt/view.do?seq=194303
-토픽 쓰기반:
https://seocho.familynet.or.kr/web/lay1/program/S1T304C450/recruitReceipt/view.do?seq=194305
* [1], [2]번 모두 꼭 진행해주세요!
* 토픽반은 3개 모두 신청해주세요!
문의 가족사업2팀 070-7456-2415
이미지:
https://liveinkorea.kr/mng/upload/se2/45d83d1c-9108-4097-8b0c-5f7f0a16a677.jpg",https://liveinkorea.kr/web/lay1/bbs/S1T10C27/A/4/view.do?article_seq=162233&cpage=1&rows=10&condition=&keyword=&area=A001&area_detail=D022&search_year=&search_month=&search_recruit_stat=02
서초구,,"[서초구가족센터] 이중언어 직접학습 '언어 2개, 행복 2배' 참여 모집 (러시아어, 베트남어, 스페인어, 스페인어)",다문화가족 자녀,접수기간 : 2025-06-13 ~ 2025-12-27,,,문의처 : 070-7436-2013,,https://liveinkorea.kr/mng/upload/se2/1f3036da-b3cd-4017-85df-7df7c38d97d2.jpg,"[서초구] [서초구가족센터] 이중언어 직접학습 '언어 2개, 행복 2배' 참여 모집 (러시아어, 베트남어, 스페인어, 스페인어)
접수기간 : 2025-06-13 ~ 2025-12-27
대상 : 다문화가족 자녀
문의처 : 070-7436-2013
이미지:
https://liveinkorea.kr/mng/upload/se2/1f3036da-b3cd-4017-85df-7df7c38d97d2.jpg",https://liveinkorea.kr/web/lay1/bbs/S1T10C27/A/4/view.do?article_seq=42087&cpage=1&rows=10&condition=&keyword=&area=A001&area_detail=D022&search_year=&search_month=&search_recruit_stat=02
강남구,,2024년 이용자 욕구조사 결과 및 2025년 프로그램 안내,다문화가족,접수기간 : 2025-01-01 ~ 2025-12-31,"안녕하세요 강남구다문화가족지원센터입니다.
2024년 여러분이 보내주신 소중한 의견을 바탕으로
다양한 프로그램이 진행됩니다. :-)
많은 참여 부탁드립니다.",,문의처 : 02-3414-3346,,https://liveinkorea.kr/mng/upload/se2/145510d3-dcad-4a56-bef9-93709dc115fe.jpg,"[강남구] 2024년 이용자 욕구조사 결과 및 2025년 프로그램 안내
접수기간 : 2025-01-01 ~ 2025-12-31
대상 : 다문화가족
문의처 : 02-3414-3346
안녕하세요 강남구다문화가족지원센터입니다.
2024년 여러분이 보내주신 소중한 의견을 바탕으로
다양한 프로그램이 진행됩니다. :-)
많은 참여 부탁드립니다.
이미지:
https://liveinkorea.kr/mng/upload/se2/145510d3-dcad-4a56-bef9-93709dc115fe.jpg",https://liveinkorea.kr/web/lay1/bbs/S1T10C27/A/4/view.do?article_seq=41211&cpage=1&rows=10&condition=&keyword=&area=A001&area_detail=D024&search_year=&search_month=&search_recruit_stat=02
송파구,,2025년 한국사회적응교육 연간일정,송파구 내 결혼이민자 및 외국인,접수기간 : 2025-03-04 ~ 2025-10-18,"​2025년 한국사회적응교육 일정표입니다~!
월 1회~2회 주제강의가 진행될 예정입니다!
다양한 교육이 준비되어 있으니, 많은 참여 바랍니다!!
* 해당 일정표에 적힌 날짜 또는 주제가 변경될 가능성이 있음을 안내드립니다.",,문의처 : 070-7457-3849,,https://liveinkorea.kr/mng/upload/se2/d13df58b-4b23-4a2d-9859-30eab3072957.jpg,"[송파구] 2025년 한국사회적응교육 연간일정
접수기간 : 2025-03-04 ~ 2025-10-18
대상 : 송파구 내 결혼이민자 및 외국인
문의처 : 070-7457-3849
​2025년 한국사회적응교육 일정표입니다~!
월 1회~2회 주제강의가 진행될 예정입니다!
다양한 교육이 준비되어 있으니, 많은 참여 바랍니다!!
* 해당 일정표에 적힌 날짜 또는 주제가 변경될 가능성이 있음을 안내드립니다.
이미지:
https://liveinkorea.kr/mng/upload/se2/d13df58b-4b23-4a2d-9859-30eab3072957.jpg",https://liveinkorea.kr/web/lay1/bbs/S1T10C27/A/4/view.do?article_seq=41268&cpage=1&rows=10&condition=&keyword=&area=A001&area_detail=D025&search_year=&search_month=&search_recruit_stat=02
송파구,,2025년 출산용품지원사업,송파구 거주 다문화가정,접수기간 : 2025-02-17 ~ 2025-12-31,"송파구거주하는 다문화가정에게 출산용품은 지원하고 있습니다.
많은 관심 바랍니다. *^-^*",,문의처 : 07074573852,,https://liveinkorea.kr/mng/upload/se2/f88ae2b8-a1b3-4dea-b666-cf92e45422cb.jpg,"[송파구] 2025년 출산용품지원사업
접수기간 : 2025-02-17 ~ 2025-12-31
대상 : 송파구 거주 다문화가정
문의처 : 07074573852
송파구거주하는 다문화가정에게 출산용품은 지원하고 있습니다.
많은 관심 바랍니다. *^-^*
이미지:
https://liveinkorea.kr/mng/upload/se2/f88ae2b8-a1b3-4dea-b666-cf92e45422cb.jpg",https://liveinkorea.kr/web/lay1/bbs/S1T10C27/A/4/view.do?article_seq=41253&cpage=1&rows=10&condition=&keyword=&area=A001&area_detail=D025&search_year=&search_month=&search_recruit_stat=02
강동구,,[강동구] 2025년 결혼이민자 통·번역서비스 이용 안내,"결혼이민자, 다문화가족, 유관기관",접수기간 : 2025-01-01 ~ 2025-12-31,"[강동구] 2025년 결혼이민자 통·번역서비스 이용 안내
다문화가족을 포함한 모든 이주민을 위하여 사회생활에 필요한 통역, 번역, 정보제공 서비스를 제공하고 있습니다.
내방, 전화, 이메일, 출장 등 다양한 방식으로 이용 가능하니 많은 신청 문의 바랍니다.
★기타사항★
- 본 센터 베트남어 통번역서비스 상시 제공 (기타 언어는 타센터 연계 서비스 제공)
- 외부파견 및 동행 통역서비스 이용 시 사전 서비스 예약 신청 필수",,문의처 : 02-481-1366,,https://liveinkorea.kr/mng/upload/se2/e0259cba-f13b-47a1-81e1-3e9718a46ad9.jpg; https://liveinkorea.kr/mng/upload/se2/614eadca-38cc-476a-a609-9d42dffe14c4.jpg; https://liveinkorea.kr/mng/upload/se2/1c70f3c9-23e5-43e2-97ff-202ec80802b7.jpg; https://liveinkorea.kr/mng/upload/se2/98172554-7e9c-4d5c-866d-e41a1b1bb376.jpg; https://liveinkorea.kr/mng/upload/se2/cd1e0d44-28b6-4e5b-aada-8b2c1532c025.jpg,"[강동구] [강동구] 2025년 결혼이민자 통·번역서비스 이용 안내
접수기간 : 2025-01-01 ~ 2025-12-31
대상 : 결혼이민자, 다문화가족, 유관기관
문의처 : 02-481-1366
[강동구] 2025년 결혼이민자 통·번역서비스 이용 안내
다문화가족을 포함한 모든 이주민을 위하여 사회생활에 필요한 통역, 번역, 정보제공 서비스를 제공하고 있습니다.
내방, 전화, 이메일, 출장 등 다양한 방식으로 이용 가능하니 많은 신청 문의 바랍니다.
★기타사항★
- 본 센터 베트남어 통번역서비스 상시 제공 (기타 언어는 타센터 연계 서비스 제공)
- 외부파견 및 동행 통역서비스 이용 시 사전 서비스 예약 신청 필수
이미지:
https://liveinkorea.kr/mng/upload/se2/e0259cba-f13b-47a1-81e1-3e9718a46ad9.jpg
https://liveinkorea.kr/mng/upload/se2/614eadca-38cc-476a-a609-9d42dffe14c4.jpg
https://liveinkorea.kr/mng/upload/se2/1c70f3c9-23e5-43e2-97ff-202ec80802b7.jpg
https://liveinkorea.kr/mng/upload/se2/98172554-7e9c-4d5c-866d-e41a1b1bb376.jpg
https://liveinkorea.kr/mng/upload/se2/cd1e0d44-28b6-4e5b-aada-8b2c1532c025.jpg",https://liveinkorea.kr/web/lay1/bbs/S1T10C27/A/4/view.do?article_seq=41243&cpage=1&rows=10&condition=&keyword=&area=A001&area_detail=D026&search_year=&search_month=&search_recruit_stat=02
